horizon_day,split,task,model,best_params,search_space,mae,rmse,r2,within_1c,within_2c,within_3c,threshold,accuracy,precision,recall,f1
1,validation,temperature_regression,LinearRegression,StandardScaler + LinearRegression,StandardScaler + LinearRegression,1.8111024958846478,2.375423291725812,0.8138749476461277,0.3879781420765027,0.6530054644808743,0.8060109289617486,,,,,
1,validation,temperature_regression,KNNRegressor,"{""model__n_neighbors"": 9, ""model__weights"": ""distance""}","RandomizedSearchCV: n_neighbors 3-25, weights uniform/distance",2.213567019985161,2.7609693374143283,0.748553277673911,0.2568306010928962,0.5355191256830601,0.7568306010928961,,,,,
1,validation,temperature_regression,XGBoostRegressor,"{""learning_rate"": 0.01596950334578271, ""max_depth"": 4, ""n_estimators"": 443}","RandomizedSearchCV: n_estimators 100-500, max_depth 3-10, learning_rate 0.01-0.3",1.8578564367659105,2.3753973132771335,0.813879018679444,0.32786885245901637,0.6311475409836066,0.8169398907103825,,,,,
1,test,temperature_regression,LinearRegression,StandardScaler + LinearRegression,StandardScaler + LinearRegression,1.6744230880157078,2.319491900039074,0.8079824039007208,0.42032967032967034,0.6923076923076923,0.8489010989010989,,,,,
1,test,temperature_regression,KNNRegressor,"{""model__n_neighbors"": 9, ""model__weights"": ""distance""}","RandomizedSearchCV: n_neighbors 3-25, weights uniform/distance",2.1475678335222,2.8208686101650295,0.7159982447429853,0.28846153846153844,0.554945054945055,0.7692307692307693,,,,,
1,test,temperature_regression,XGBoostRegressor,"{""learning_rate"": 0.01596950334578271, ""max_depth"": 4, ""n_estimators"": 443}","RandomizedSearchCV: n_estimators 100-500, max_depth 3-10, learning_rate 0.01-0.3",1.7644500093145685,2.3580190394613636,0.8015505394339485,0.3543956043956044,0.6868131868131868,0.8461538461538461,,,,,
1,validation,rain_classification,LogisticRegression,"{""model__C"": 0.01}","RandomizedSearchCV: C in [0.01, 0.1, 1, 10, 100], class_weight balanced",,,,,,,0.4,0.639344262295082,0.5145228215767634,0.8920863309352518,0.6526315789473685
1,validation,rain_classification,SVM,"{""model__C"": 1.0, ""model__kernel"": ""rbf""}","RandomizedSearchCV: C in [0.1, 1, 10, 100], kernel linear/rbf, class_weight balanced",,,,,,,0.25,0.6612021857923497,0.5313807531380753,0.9136690647482014,0.671957671957672
1,validation,rain_classification,XGBoostClassifier,"{""learning_rate"": 0.01596950334578271, ""max_depth"": 4, ""n_estimators"": 443}","RandomizedSearchCV: n_estimators 100-500, max_depth 3-10, learning_rate 0.01-0.3, scale_pos_weight",,,,,,,0.35,0.6721311475409836,0.5418502202643172,0.8848920863309353,0.6721311475409836
1,test,rain_classification,LogisticRegression,"{""model__C"": 0.01}","RandomizedSearchCV: C in [0.01, 0.1, 1, 10, 100], class_weight balanced",,,,,,,0.4,0.6648351648351648,0.5450643776824035,0.8881118881118881,0.675531914893617
1,test,rain_classification,SVM,"{""model__C"": 1.0, ""model__kernel"": ""rbf""}","RandomizedSearchCV: C in [0.1, 1, 10, 100], kernel linear/rbf, class_weight balanced",,,,,,,0.25,0.6648351648351648,0.5454545454545454,0.8811188811188811,0.6737967914438503
1,test,rain_classification,XGBoostClassifier,"{""learning_rate"": 0.01596950334578271, ""max_depth"": 4, ""n_estimators"": 443}","RandomizedSearchCV: n_estimators 100-500, max_depth 3-10, learning_rate 0.01-0.3, scale_pos_weight",,,,,,,0.35,0.6868131868131868,0.5687203791469194,0.8391608391608392,0.6779661016949152
2,validation,temperature_regression,LinearRegression,StandardScaler + LinearRegression,StandardScaler + LinearRegression,2.4812288475223636,3.209553713444624,0.6605748937695648,0.26229508196721313,0.49453551912568305,0.6830601092896175,,,,,
2,validation,temperature_regression,KNNRegressor,"{""model__n_neighbors"": 23, ""model__weights"": ""distance""}","RandomizedSearchCV: n_neighbors 3-25, weights uniform/distance",2.598352162506705,3.354207707097181,0.6292897697162512,0.2459016393442623,0.4562841530054645,0.6584699453551912,,,,,
2,validation,temperature_regression,XGBoostRegressor,"{""learning_rate"": 0.01596950334578271, ""max_depth"": 4, ""n_estimators"": 443}","RandomizedSearchCV: n_estimators 100-500, max_depth 3-10, learning_rate 0.01-0.3",2.4066719195881827,3.1000803834222235,0.6833346271292848,0.26229508196721313,0.5273224043715847,0.6885245901639344,,,,,
2,test,temperature_regression,LinearRegression,StandardScaler + LinearRegression,StandardScaler + LinearRegression,2.289393209099726,3.0096969587782647,0.6773101037889235,0.2837465564738292,0.5674931129476584,0.7245179063360881,,,,,
2,test,temperature_regression,KNNRegressor,"{""model__n_neighbors"": 23, ""model__weights"": ""distance""}","RandomizedSearchCV: n_neighbors 3-25, weights uniform/distance",2.4487980402146308,3.199400068104196,0.6353494038298981,0.24517906336088155,0.5234159779614325,0.7024793388429752,,,,,
2,test,temperature_regression,XGBoostRegressor,"{""learning_rate"": 0.01596950334578271, ""max_depth"": 4, ""n_estimators"": 443}","RandomizedSearchCV: n_estimators 100-500, max_depth 3-10, learning_rate 0.01-0.3",2.3652109687321774,3.060980821000155,0.6662194350138759,0.26170798898071623,0.5399449035812672,0.7272727272727273,,,,,
2,validation,rain_classification,LogisticRegression,"{""model__C"": 0.01}","RandomizedSearchCV: C in [0.01, 0.1, 1, 10, 100], class_weight balanced",,,,,,,0.4,0.644808743169399,0.515748031496063,0.9492753623188406,0.6683673469387755
2,validation,rain_classification,SVM,"{""model__C"": 10.0, ""model__kernel"": ""linear""}","RandomizedSearchCV: C in [0.1, 1, 10, 100], kernel linear/rbf, class_weight balanced",,,,,,,0.35,0.6557377049180327,0.5258620689655172,0.8840579710144928,0.6594594594594595
2,validation,rain_classification,XGBoostClassifier,"{""learning_rate"": 0.13526405540621358, ""max_depth"": 3, ""n_estimators"": 158}","RandomizedSearchCV: n_estimators 100-500, max_depth 3-10, learning_rate 0.01-0.3, scale_pos_weight",,,,,,,0.2,0.5628415300546448,0.4618055555555556,0.9637681159420289,0.6244131455399061
2,test,rain_classification,LogisticRegression,"{""model__C"": 0.01}","RandomizedSearchCV: C in [0.01, 0.1, 1, 10, 100], class_weight balanced",,,,,,,0.4,0.628099173553719,0.516260162601626,0.8881118881118881,0.6529562982005142
2,test,rain_classification,SVM,"{""model__C"": 10.0, ""model__kernel"": ""linear""}","RandomizedSearchCV: C in [0.1, 1, 10, 100], kernel linear/rbf, class_weight balanced",,,,,,,0.35,0.6336088154269972,0.5219298245614035,0.8321678321678322,0.6415094339622641
2,test,rain_classification,XGBoostClassifier,"{""learning_rate"": 0.13526405540621358, ""max_depth"": 3, ""n_estimators"": 158}","RandomizedSearchCV: n_estimators 100-500, max_depth 3-10, learning_rate 0.01-0.3, scale_pos_weight",,,,,,,0.2,0.5426997245179064,0.45907473309608543,0.9020979020979021,0.6084905660377359
3,validation,temperature_regression,LinearRegression,StandardScaler + LinearRegression,StandardScaler + LinearRegression,2.785710696964834,3.6224843674767024,0.5644142040564523,0.226775956284153,0.43169398907103823,0.639344262295082,,,,,
3,validation,temperature_regression,KNNRegressor,"{""model__n_neighbors"": 24, ""model__weights"": ""uniform""}","RandomizedSearchCV: n_neighbors 3-25, weights uniform/distance",2.7743738615664846,3.6175913092929175,0.565590141326556,0.23224043715846995,0.453551912568306,0.6092896174863388,,,,,
3,validation,temperature_regression,XGBoostRegressor,"{""learning_rate"": 0.01596950334578271, ""max_depth"": 4, ""n_estimators"": 443}","RandomizedSearchCV: n_estimators 100-500, max_depth 3-10, learning_rate 0.01-0.3",2.5693351349544002,3.337163225537261,0.630328842202822,0.2677595628415301,0.5109289617486339,0.6557377049180327,,,,,
3,test,temperature_regression,LinearRegression,StandardScaler + LinearRegression,StandardScaler + LinearRegression,2.4969602963989836,3.254790896159724,0.6235070236304923,0.27071823204419887,0.5165745856353591,0.6906077348066298,,,,,
3,test,temperature_regression,KNNRegressor,"{""model__n_neighbors"": 24, ""model__weights"": ""uniform""}","RandomizedSearchCV: n_neighbors 3-25, weights uniform/distance",2.627014272559853,3.421851996308112,0.5838660622355091,0.2513812154696133,0.47790055248618785,0.6519337016574586,,,,,
3,test,temperature_regression,XGBoostRegressor,"{""learning_rate"": 0.01596950334578271, ""max_depth"": 4, ""n_estimators"": 443}","RandomizedSearchCV: n_estimators 100-500, max_depth 3-10, learning_rate 0.01-0.3",2.538163411683141,3.283246088556641,0.616895225385051,0.2596685082872928,0.47790055248618785,0.6795580110497238,,,,,
3,validation,rain_classification,LogisticRegression,"{""model__C"": 0.01}","RandomizedSearchCV: C in [0.01, 0.1, 1, 10, 100], class_weight balanced",,,,,,,0.45,0.639344262295082,0.510548523206751,0.8832116788321168,0.6470588235294118
3,validation,rain_classification,SVM,"{""model__C"": 0.1, ""model__kernel"": ""linear""}","RandomizedSearchCV: C in [0.1, 1, 10, 100], kernel linear/rbf, class_weight balanced",,,,,,,0.35,0.6366120218579235,0.5089285714285714,0.8321167883211679,0.631578947368421
3,validation,rain_classification,XGBoostClassifier,"{""learning_rate"": 0.01596950334578271, ""max_depth"": 4, ""n_estimators"": 443}","RandomizedSearchCV: n_estimators 100-500, max_depth 3-10, learning_rate 0.01-0.3, scale_pos_weight",,,,,,,0.3,0.5683060109289617,0.46366782006920415,0.9781021897810219,0.6291079812206573
3,test,rain_classification,LogisticRegression,"{""model__C"": 0.01}","RandomizedSearchCV: C in [0.01, 0.1, 1, 10, 100], class_weight balanced",,,,,,,0.45,0.6298342541436464,0.5198237885462555,0.8251748251748252,0.6378378378378379
3,test,rain_classification,SVM,"{""model__C"": 0.1, ""model__kernel"": ""linear""}","RandomizedSearchCV: C in [0.1, 1, 10, 100], kernel linear/rbf, class_weight balanced",,,,,,,0.35,0.643646408839779,0.5318181818181819,0.8181818181818182,0.6446280991735537
3,test,rain_classification,XGBoostClassifier,"{""learning_rate"": 0.01596950334578271, ""max_depth"": 4, ""n_estimators"": 443}","RandomizedSearchCV: n_estimators 100-500, max_depth 3-10, learning_rate 0.01-0.3, scale_pos_weight",,,,,,,0.3,0.5552486187845304,0.4666666666666667,0.8811188811188811,0.6101694915254238
4,validation,temperature_regression,LinearRegression,StandardScaler + LinearRegression,StandardScaler + LinearRegression,2.9235559495907912,3.8148001421698243,0.5163569774727033,0.226775956284153,0.42896174863387976,0.592896174863388,,,,,
4,validation,temperature_regression,KNNRegressor,"{""model__n_neighbors"": 24, ""model__weights"": ""uniform""}","RandomizedSearchCV: n_neighbors 3-25, weights uniform/distance",2.797768670309654,3.6744860942822286,0.551280893025175,0.2459016393442623,0.4453551912568306,0.6202185792349727,,,,,
4,validation,temperature_regression,XGBoostRegressor,"{""learning_rate"": 0.01596950334578271, ""max_depth"": 4, ""n_estimators"": 443}","RandomizedSearchCV: n_estimators 100-500, max_depth 3-10, learning_rate 0.01-0.3",2.628067054123175,3.459217550688485,0.6023169345868155,0.2896174863387978,0.505464480874317,0.6721311475409836,,,,,
4,test,temperature_regression,LinearRegression,StandardScaler + LinearRegression,StandardScaler + LinearRegression,2.6091221734795624,3.3358253826959463,0.6051714533380508,0.26038781163434904,0.4792243767313019,0.631578947368421,,,,,
4,test,temperature_regression,KNNRegressor,"{""model__n_neighbors"": 24, ""model__weights"": ""uniform""}","RandomizedSearchCV: n_neighbors 3-25, weights uniform/distance",2.674122807017544,3.4233357906461093,0.5841842563860399,0.27146814404432135,0.4598337950138504,0.6398891966759003,,,,,
4,test,temperature_regression,XGBoostRegressor,"{""learning_rate"": 0.01596950334578271, ""max_depth"": 4, ""n_estimators"": 443}","RandomizedSearchCV: n_estimators 100-500, max_depth 3-10, learning_rate 0.01-0.3",2.6470343370516876,3.4145803378736086,0.5863084999283369,0.23545706371191136,0.4626038781163435,0.6454293628808865,,,,,
4,validation,rain_classification,LogisticRegression,"{""model__C"": 0.01}","RandomizedSearchCV: C in [0.01, 0.1, 1, 10, 100], class_weight balanced",,,,,,,0.4,0.5956284153005464,0.48,0.9635036496350365,0.6407766990291263
4,validation,rain_classification,SVM,"{""model__C"": 0.1, ""model__kernel"": ""linear""}","RandomizedSearchCV: C in [0.1, 1, 10, 100], kernel linear/rbf, class_weight balanced",,,,,,,0.4,0.6639344262295082,0.5357142857142857,0.7664233576642335,0.6306306306306306
4,validation,rain_classification,XGBoostClassifier,"{""learning_rate"": 0.01596950334578271, ""max_depth"": 4, ""n_estimators"": 443}","RandomizedSearchCV: n_estimators 100-500, max_depth 3-10, learning_rate 0.01-0.3, scale_pos_weight",,,,,,,0.35,0.5737704918032787,0.46494464944649444,0.9197080291970803,0.6176470588235294
4,test,rain_classification,LogisticRegression,"{""model__C"": 0.01}","RandomizedSearchCV: C in [0.01, 0.1, 1, 10, 100], class_weight balanced",,,,,,,0.4,0.5844875346260388,0.4859437751004016,0.8461538461538461,0.6173469387755102
4,test,rain_classification,SVM,"{""model__C"": 0.1, ""model__kernel"": ""linear""}","RandomizedSearchCV: C in [0.1, 1, 10, 100], kernel linear/rbf, class_weight balanced",,,,,,,0.4,0.6343490304709142,0.5284974093264249,0.7132867132867133,0.6071428571428571
4,test,rain_classification,XGBoostClassifier,"{""learning_rate"": 0.01596950334578271, ""max_depth"": 4, ""n_estimators"": 443}","RandomizedSearchCV: n_estimators 100-500, max_depth 3-10, learning_rate 0.01-0.3, scale_pos_weight",,,,,,,0.35,0.5650969529085873,0.47307692307692306,0.8601398601398601,0.6104218362282878
5,validation,temperature_regression,LinearRegression,StandardScaler + LinearRegression,StandardScaler + LinearRegression,2.9753269792789707,3.919853204073207,0.4886625296863605,0.226775956284153,0.43169398907103823,0.5956284153005464,,,,,
5,validation,temperature_regression,KNNRegressor,"{""model__n_neighbors"": 24, ""model__weights"": ""uniform""}","RandomizedSearchCV: n_neighbors 3-25, weights uniform/distance",2.805874316939891,3.7267416508010616,0.5378035703497448,0.24863387978142076,0.4562841530054645,0.6366120218579235,,,,,
5,validation,temperature_regression,XGBoostRegressor,"{""learning_rate"": 0.12177078573657565, ""max_depth"": 4, ""n_estimators"": 152}","RandomizedSearchCV: n_estimators 100-500, max_depth 3-10, learning_rate 0.01-0.3",2.5868420824978524,3.4359732641293648,0.6071130861448333,0.28688524590163933,0.4972677595628415,0.6612021857923497,,,,,
5,test,temperature_regression,LinearRegression,StandardScaler + LinearRegression,StandardScaler + LinearRegression,2.668615811054744,3.384993062656437,0.5942359084571414,0.25555555555555554,0.4666666666666667,0.6444444444444445,,,,,
5,test,temperature_regression,KNNRegressor,"{""model__n_neighbors"": 24, ""model__weights"": ""uniform""}","RandomizedSearchCV: n_neighbors 3-25, weights uniform/distance",2.6801273148148153,3.446941935903583,0.5792482018648466,0.2611111111111111,0.4722222222222222,0.6305555555555555,,,,,
5,test,temperature_regression,XGBoostRegressor,"{""learning_rate"": 0.12177078573657565, ""max_depth"": 4, ""n_estimators"": 152}","RandomizedSearchCV: n_estimators 100-500, max_depth 3-10, learning_rate 0.01-0.3",2.6929858361350165,3.511704500976489,0.5632891583913955,0.22777777777777777,0.48333333333333334,0.65,,,,,
5,validation,rain_classification,LogisticRegression,"{""model__C"": 0.01}","RandomizedSearchCV: C in [0.01, 0.1, 1, 10, 100], class_weight balanced",,,,,,,0.5,0.6502732240437158,0.5217391304347826,0.7883211678832117,0.627906976744186
5,validation,rain_classification,SVM,"{""model__C"": 0.1, ""model__kernel"": ""linear""}","RandomizedSearchCV: C in [0.1, 1, 10, 100], kernel linear/rbf, class_weight balanced",,,,,,,0.35,0.6229508196721312,0.4977578475336323,0.8102189781021898,0.6166666666666667
5,validation,rain_classification,XGBoostClassifier,"{""learning_rate"": 0.13526405540621358, ""max_depth"": 3, ""n_estimators"": 158}","RandomizedSearchCV: n_estimators 100-500, max_depth 3-10, learning_rate 0.01-0.3, scale_pos_weight",,,,,,,0.35,0.5546448087431693,0.45112781954887216,0.8759124087591241,0.5955334987593052
5,test,rain_classification,LogisticRegression,"{""model__C"": 0.01}","RandomizedSearchCV: C in [0.01, 0.1, 1, 10, 100], class_weight balanced",,,,,,,0.5,0.6083333333333333,0.5050505050505051,0.6993006993006993,0.5865102639296188
5,test,rain_classification,SVM,"{""model__C"": 0.1, ""model__kernel"": ""linear""}","RandomizedSearchCV: C in [0.1, 1, 10, 100], kernel linear/rbf, class_weight balanced",,,,,,,0.35,0.6027777777777777,0.5,0.7342657342657343,0.5949008498583569
5,test,rain_classification,XGBoostClassifier,"{""learning_rate"": 0.13526405540621358, ""max_depth"": 3, ""n_estimators"": 158}","RandomizedSearchCV: n_estimators 100-500, max_depth 3-10, learning_rate 0.01-0.3, scale_pos_weight",,,,,,,0.35,0.5555555555555556,0.4604651162790698,0.6923076923076923,0.553072625698324
6,validation,temperature_regression,LinearRegression,StandardScaler + LinearRegression,StandardScaler + LinearRegression,3.003520231422424,3.9732405095580825,0.4749755424189439,0.23770491803278687,0.4371584699453552,0.5956284153005464,,,,,
6,validation,temperature_regression,KNNRegressor,"{""model__n_neighbors"": 24, ""model__weights"": ""uniform""}","RandomizedSearchCV: n_neighbors 3-25, weights uniform/distance",2.810086520947177,3.722829467499169,0.539068794605547,0.26229508196721313,0.44808743169398907,0.6202185792349727,,,,,
6,validation,temperature_regression,XGBoostRegressor,"{""learning_rate"": 0.01596950334578271, ""max_depth"": 4, ""n_estimators"": 443}","RandomizedSearchCV: n_estimators 100-500, max_depth 3-10, learning_rate 0.01-0.3",2.677265228730082,3.457674632817634,0.6023892909156803,0.27595628415300544,0.4562841530054645,0.6502732240437158,,,,,
6,test,temperature_regression,LinearRegression,StandardScaler + LinearRegression,StandardScaler + LinearRegression,2.679665207535185,3.4123593127565948,0.5883215073253962,0.22562674094707522,0.467966573816156,0.6434540389972145,,,,,
6,test,temperature_regression,KNNRegressor,"{""model__n_neighbors"": 24, ""model__weights"": ""uniform""}","RandomizedSearchCV: n_neighbors 3-25, weights uniform/distance",2.614972144846797,3.39085170286375,0.5934946536291213,0.27019498607242337,0.4623955431754875,0.6657381615598886,,,,,
6,test,temperature_regression,XGBoostRegressor,"{""learning_rate"": 0.01596950334578271, ""max_depth"": 4, ""n_estimators"": 443}","RandomizedSearchCV: n_estimators 100-500, max_depth 3-10, learning_rate 0.01-0.3",2.523938998804119,3.2620442403668704,0.623791709250289,0.2646239554317549,0.5181058495821727,0.6629526462395543,,,,,
6,validation,rain_classification,LogisticRegression,"{""model__C"": 0.01}","RandomizedSearchCV: C in [0.01, 0.1, 1, 10, 100], class_weight balanced",,,,,,,0.4,0.5573770491803278,0.45422535211267606,0.9485294117647058,0.6142857142857143
6,validation,rain_classification,SVM,"{""model__C"": 0.1, ""model__kernel"": ""linear""}","RandomizedSearchCV: C in [0.1, 1, 10, 100], kernel linear/rbf, class_weight balanced",,,,,,,0.35,0.6120218579234973,0.4868421052631579,0.8161764705882353,0.6098901098901099
6,validation,rain_classification,XGBoostClassifier,"{""learning_rate"": 0.01596950334578271, ""max_depth"": 4, ""n_estimators"": 443}","RandomizedSearchCV: n_estimators 100-500, max_depth 3-10, learning_rate 0.01-0.3, scale_pos_weight",,,,,,,0.45,0.6311475409836066,0.5023255813953489,0.7941176470588235,0.6153846153846154
6,test,rain_classification,LogisticRegression,"{""model__C"": 0.01}","RandomizedSearchCV: C in [0.01, 0.1, 1, 10, 100], class_weight balanced",,,,,,,0.4,0.5598885793871866,0.46987951807228917,0.8181818181818182,0.5969387755102041
6,test,rain_classification,SVM,"{""model__C"": 0.1, ""model__kernel"": ""linear""}","RandomizedSearchCV: C in [0.1, 1, 10, 100], kernel linear/rbf, class_weight balanced",,,,,,,0.35,0.6044568245125348,0.5023923444976076,0.7342657342657343,0.5965909090909091
6,test,rain_classification,XGBoostClassifier,"{""learning_rate"": 0.01596950334578271, ""max_depth"": 4, ""n_estimators"": 443}","RandomizedSearchCV: n_estimators 100-500, max_depth 3-10, learning_rate 0.01-0.3, scale_pos_weight",,,,,,,0.45,0.637883008356546,0.5326633165829145,0.7412587412587412,0.6198830409356725
7,validation,temperature_regression,LinearRegression,StandardScaler + LinearRegression,StandardScaler + LinearRegression,3.021792649786244,3.9848915744980977,0.47177459606794825,0.23224043715846995,0.43989071038251365,0.5792349726775956,,,,,
7,validation,temperature_regression,KNNRegressor,"{""model__n_neighbors"": 24, ""model__weights"": ""uniform""}","RandomizedSearchCV: n_neighbors 3-25, weights uniform/distance",2.8581284153005466,3.731635486983018,0.5367827813128132,0.23224043715846995,0.44808743169398907,0.6065573770491803,,,,,
7,validation,temperature_regression,XGBoostRegressor,"{""learning_rate"": 0.01596950334578271, ""max_depth"": 4, ""n_estimators"": 443}","RandomizedSearchCV: n_estimators 100-500, max_depth 3-10, learning_rate 0.01-0.3",2.7310935421719575,3.5163677613239113,0.5886847184597548,0.24316939890710382,0.46994535519125685,0.6311475409836066,,,,,
7,test,temperature_regression,LinearRegression,StandardScaler + LinearRegression,StandardScaler + LinearRegression,2.7109427694059898,3.435457632349407,0.5834381075726531,0.2569832402234637,0.44972067039106145,0.6396648044692738,,,,,
7,test,temperature_regression,KNNRegressor,"{""model__n_neighbors"": 24, ""model__weights"": ""uniform""}","RandomizedSearchCV: n_neighbors 3-25, weights uniform/distance",2.544948789571695,3.3094630650634618,0.6134324269078442,0.2709497206703911,0.5111731843575419,0.6536312849162011,,,,,
7,test,temperature_regression,XGBoostRegressor,"{""learning_rate"": 0.01596950334578271, ""max_depth"": 4, ""n_estimators"": 443}","RandomizedSearchCV: n_estimators 100-500, max_depth 3-10, learning_rate 0.01-0.3",2.5112900078629647,3.219819274755871,0.6340907946233654,0.25977653631284914,0.5027932960893855,0.6675977653631285,,,,,
7,validation,rain_classification,LogisticRegression,"{""model__C"": 0.01}","RandomizedSearchCV: C in [0.01, 0.1, 1, 10, 100], class_weight balanced",,,,,,,0.5,0.6420765027322405,0.5096153846153846,0.7851851851851852,0.6180758017492711
7,validation,rain_classification,SVM,"{""model__C"": 0.1, ""model__kernel"": ""linear""}","RandomizedSearchCV: C in [0.1, 1, 10, 100], kernel linear/rbf, class_weight balanced",,,,,,,0.4,0.6612021857923497,0.5287958115183246,0.7481481481481481,0.6196319018404908
7,validation,rain_classification,XGBoostClassifier,"{""learning_rate"": 0.01596950334578271, ""max_depth"": 4, ""n_estimators"": 443}","RandomizedSearchCV: n_estimators 100-500, max_depth 3-10, learning_rate 0.01-0.3, scale_pos_weight",,,,,,,0.35,0.5218579234972678,0.43006993006993005,0.9111111111111111,0.5843230403800475
7,test,rain_classification,LogisticRegression,"{""model__C"": 0.01}","RandomizedSearchCV: C in [0.01, 0.1, 1, 10, 100], class_weight balanced",,,,,,,0.5,0.6340782122905028,0.5303030303030303,0.7342657342657343,0.6158357771260997
7,test,rain_classification,SVM,"{""model__C"": 0.1, ""model__kernel"": ""linear""}","RandomizedSearchCV: C in [0.1, 1, 10, 100], kernel linear/rbf, class_weight balanced",,,,,,,0.4,0.664804469273743,0.5621621621621622,0.7272727272727273,0.6341463414634146
7,test,rain_classification,XGBoostClassifier,"{""learning_rate"": 0.01596950334578271, ""max_depth"": 4, ""n_estimators"": 443}","RandomizedSearchCV: n_estimators 100-500, max_depth 3-10, learning_rate 0.01-0.3, scale_pos_weight",,,,,,,0.35,0.547486033519553,0.46303501945525294,0.8321678321678322,0.595
