horizon_day,model,threshold,accuracy,precision,recall,f1
1,LogisticRegression,0.1,0.43989071038251365,0.40406976744186046,1.0,0.5755693581780539
1,LogisticRegression,0.15,0.49453551912568305,0.42901234567901236,1.0,0.6004319654427646
1,LogisticRegression,0.2,0.5437158469945356,0.45394736842105265,0.9928057553956835,0.6230248306997742
1,LogisticRegression,0.25,0.5519125683060109,0.45733788395904434,0.9640287769784173,0.6203703703703703
1,LogisticRegression,0.3,0.5983606557377049,0.4855072463768116,0.9640287769784173,0.6457831325301204
1,LogisticRegression,0.35,0.6202185792349727,0.5,0.920863309352518,0.6481012658227848
1,LogisticRegression,0.4,0.639344262295082,0.5145228215767634,0.8920863309352518,0.6526315789473685
1,LogisticRegression,0.45,0.6557377049180327,0.5291479820627802,0.8489208633093526,0.6519337016574586
1,LogisticRegression,0.5,0.6612021857923497,0.5392670157068062,0.7410071942446043,0.6242424242424243
1,LogisticRegression,0.55,0.6693989071038251,0.5548780487804879,0.6546762589928058,0.6006600660066007
1,LogisticRegression,0.6,0.6775956284153005,0.574468085106383,0.5827338129496403,0.5785714285714286
1,LogisticRegression,0.65,0.6994535519125683,0.6435643564356436,0.4676258992805755,0.5416666666666666
1,LogisticRegression,0.7,0.6666666666666666,0.6349206349206349,0.28776978417266186,0.39603960396039606
1,LogisticRegression,0.75,0.6256830601092896,0.53125,0.1223021582733813,0.19883040935672514
1,LogisticRegression,0.8,0.6311475409836066,0.6111111111111112,0.07913669064748201,0.14012738853503184
1,LogisticRegression,0.85,0.6256830601092896,0.6,0.04316546762589928,0.08053691275167785
1,LogisticRegression,0.9,0.6229508196721312,0.6,0.02158273381294964,0.041666666666666664
1,SVM,0.1,0.4808743169398907,0.42153846153846153,0.9856115107913669,0.5905172413793104
1,SVM,0.15,0.5683060109289617,0.46689895470383275,0.9640287769784173,0.6291079812206573
1,SVM,0.2,0.6229508196721312,0.5019011406844106,0.9496402877697842,0.6567164179104478
1,SVM,0.25,0.6612021857923497,0.5313807531380753,0.9136690647482014,0.671957671957672
1,SVM,0.3,0.6612021857923497,0.5348837209302325,0.8273381294964028,0.6497175141242938
1,SVM,0.35,0.6693989071038251,0.545,0.7841726618705036,0.6430678466076696
1,SVM,0.4,0.6721311475409836,0.553072625698324,0.7122302158273381,0.6226415094339622
1,SVM,0.45,0.6775956284153005,0.5621301775147929,0.6834532374100719,0.6168831168831169
1,SVM,0.5,0.6912568306010929,0.5833333333333334,0.6546762589928058,0.6169491525423729
1,SVM,0.55,0.6830601092896175,0.5851851851851851,0.5683453237410072,0.5766423357664233
1,SVM,0.6,0.6721311475409836,0.5811965811965812,0.4892086330935252,0.53125
1,SVM,0.65,0.6639344262295082,0.5888888888888889,0.381294964028777,0.462882096069869
1,SVM,0.7,0.6584699453551912,0.6029411764705882,0.2949640287769784,0.3961352657004831
1,SVM,0.75,0.6530054644808743,0.6428571428571429,0.19424460431654678,0.2983425414364641
1,SVM,0.8,0.639344262295082,0.7058823529411765,0.08633093525179857,0.15384615384615385
1,SVM,0.85,0.6256830601092896,1.0,0.014388489208633094,0.028368794326241134
1,SVM,0.9,0.6202185792349727,0.0,0.0,0.0
1,XGBoostClassifier,0.1,0.5245901639344263,0.4437299035369775,0.9928057553956835,0.6133333333333333
1,XGBoostClassifier,0.15,0.5546448087431693,0.4594594594594595,0.9784172661870504,0.6252873563218391
1,XGBoostClassifier,0.2,0.5792349726775956,0.4731182795698925,0.9496402877697842,0.631578947368421
1,XGBoostClassifier,0.25,0.6229508196721312,0.5019157088122606,0.9424460431654677,0.655
1,XGBoostClassifier,0.3,0.6338797814207651,0.5100401606425703,0.9136690647482014,0.654639175257732
1,XGBoostClassifier,0.35,0.6721311475409836,0.5418502202643172,0.8848920863309353,0.6721311475409836
1,XGBoostClassifier,0.4,0.674863387978142,0.5471698113207547,0.8345323741007195,0.6609686609686609
1,XGBoostClassifier,0.45,0.6639344262295082,0.54,0.7769784172661871,0.6371681415929203
1,XGBoostClassifier,0.5,0.6857923497267759,0.5645161290322581,0.7553956834532374,0.6461538461538462
1,XGBoostClassifier,0.55,0.6967213114754098,0.5813953488372093,0.7194244604316546,0.6430868167202572
1,XGBoostClassifier,0.6,0.7021857923497268,0.5986842105263158,0.6546762589928058,0.6254295532646048
1,XGBoostClassifier,0.65,0.6967213114754098,0.6060606060606061,0.5755395683453237,0.5904059040590406
1,XGBoostClassifier,0.7,0.6885245901639344,0.6237623762376238,0.45323741007194246,0.525
1,XGBoostClassifier,0.75,0.6912568306010929,0.6805555555555556,0.35251798561151076,0.46445497630331756
1,XGBoostClassifier,0.8,0.6666666666666666,0.6888888888888889,0.22302158273381295,0.33695652173913043
1,XGBoostClassifier,0.85,0.6530054644808743,0.7,0.1510791366906475,0.2485207100591716
1,XGBoostClassifier,0.9,0.6284153005464481,0.6363636363636364,0.050359712230215826,0.09333333333333334
2,LogisticRegression,0.1,0.39617486338797814,0.38440111420612816,1.0,0.5553319919517102
2,LogisticRegression,0.15,0.43169398907103823,0.3988439306358382,1.0,0.5702479338842975
2,LogisticRegression,0.2,0.4644808743169399,0.4121212121212121,0.9855072463768116,0.5811965811965812
2,LogisticRegression,0.25,0.5027322404371585,0.42948717948717946,0.9710144927536232,0.5955555555555555
2,LogisticRegression,0.3,0.5601092896174863,0.46048109965635736,0.9710144927536232,0.6247086247086248
2,LogisticRegression,0.35,0.5956284153005464,0.48188405797101447,0.9637681159420289,0.642512077294686
2,LogisticRegression,0.4,0.644808743169399,0.515748031496063,0.9492753623188406,0.6683673469387755
2,LogisticRegression,0.45,0.6502732240437158,0.5213675213675214,0.8840579710144928,0.6559139784946236
2,LogisticRegression,0.5,0.6612021857923497,0.5333333333333333,0.8115942028985508,0.6436781609195402
2,LogisticRegression,0.55,0.6420765027322405,0.52,0.6594202898550725,0.5814696485623003
2,LogisticRegression,0.6,0.639344262295082,0.5230769230769231,0.4927536231884058,0.5074626865671642
2,LogisticRegression,0.65,0.6639344262295082,0.5882352941176471,0.36231884057971014,0.4484304932735426
2,LogisticRegression,0.7,0.6612021857923497,0.7058823529411765,0.17391304347826086,0.27906976744186046
2,LogisticRegression,0.75,0.6311475409836066,0.6363636363636364,0.050724637681159424,0.09395973154362416
2,LogisticRegression,0.8,0.6202185792349727,0.3333333333333333,0.007246376811594203,0.014184397163120567
2,LogisticRegression,0.85,0.6174863387978142,0.0,0.0,0.0
2,LogisticRegression,0.9,0.6229508196721312,0.0,0.0,0.0
2,SVM,0.1,0.42896174863387976,0.39710144927536234,0.9927536231884058,0.567287784679089
2,SVM,0.15,0.4890710382513661,0.4231974921630094,0.9782608695652174,0.5908096280087527
2,SVM,0.2,0.546448087431694,0.4523809523809524,0.9637681159420289,0.6157407407407407
2,SVM,0.25,0.592896174863388,0.48,0.9565217391304348,0.639225181598063
2,SVM,0.3,0.6338797814207651,0.5078740157480315,0.9347826086956522,0.6581632653061225
2,SVM,0.35,0.6557377049180327,0.5258620689655172,0.8840579710144928,0.6594594594594595
2,SVM,0.4,0.6475409836065574,0.5213270142180095,0.7971014492753623,0.6303724928366762
2,SVM,0.45,0.6284153005464481,0.5056818181818182,0.644927536231884,0.5668789808917197
2,SVM,0.5,0.6366120218579235,0.5177304964539007,0.5289855072463768,0.5232974910394266
2,SVM,0.55,0.6666666666666666,0.5952380952380952,0.36231884057971014,0.45045045045045046
2,SVM,0.6,0.6256830601092896,0.5116279069767442,0.15942028985507245,0.2430939226519337
2,SVM,0.65,0.6338797814207651,0.7,0.050724637681159424,0.0945945945945946
2,SVM,0.7,0.6174863387978142,0.25,0.007246376811594203,0.014084507042253521
2,SVM,0.75,0.6174863387978142,0.0,0.0,0.0
2,SVM,0.8,0.6202185792349727,0.0,0.0,0.0
2,SVM,0.85,0.6202185792349727,0.0,0.0,0.0
2,SVM,0.9,0.6229508196721312,0.0,0.0,0.0
2,XGBoostClassifier,0.1,0.505464480874317,0.43217665615141954,0.9927536231884058,0.6021978021978022
2,XGBoostClassifier,0.15,0.5245901639344263,0.44155844155844154,0.9855072463768116,0.6098654708520179
2,XGBoostClassifier,0.2,0.5628415300546448,0.4618055555555556,0.9637681159420289,0.6244131455399061
2,XGBoostClassifier,0.25,0.5710382513661202,0.4657039711191336,0.9347826086956522,0.6216867469879518
2,XGBoostClassifier,0.3,0.587431693989071,0.4749034749034749,0.8913043478260869,0.6196473551637279
2,XGBoostClassifier,0.35,0.5983606557377049,0.48148148148148145,0.8478260869565217,0.6141732283464567
2,XGBoostClassifier,0.4,0.5983606557377049,0.4790697674418605,0.7463768115942029,0.5835694050991501
2,XGBoostClassifier,0.45,0.6038251366120219,0.48223350253807107,0.6884057971014492,0.5671641791044776
2,XGBoostClassifier,0.5,0.6311475409836066,0.5086705202312138,0.6376811594202898,0.5659163987138264
2,XGBoostClassifier,0.55,0.6284153005464481,0.5070422535211268,0.5217391304347826,0.5142857142857142
2,XGBoostClassifier,0.6,0.6311475409836066,0.512396694214876,0.4492753623188406,0.47876447876447875
2,XGBoostClassifier,0.65,0.6420765027322405,0.5360824742268041,0.37681159420289856,0.4425531914893617
2,XGBoostClassifier,0.7,0.6721311475409836,0.6216216216216216,0.3333333333333333,0.4339622641509434
2,XGBoostClassifier,0.75,0.6666666666666666,0.6481481481481481,0.2536231884057971,0.3645833333333333
2,XGBoostClassifier,0.8,0.6666666666666666,0.6818181818181818,0.21739130434782608,0.32967032967032966
2,XGBoostClassifier,0.85,0.6420765027322405,0.6296296296296297,0.12318840579710146,0.20606060606060606
2,XGBoostClassifier,0.9,0.6311475409836066,0.6363636363636364,0.050724637681159424,0.09395973154362416
3,LogisticRegression,0.1,0.3743169398907104,0.3743169398907104,1.0,0.5447316103379721
3,LogisticRegression,0.15,0.4016393442622951,0.3848314606741573,1.0,0.5557809330628803
3,LogisticRegression,0.2,0.42896174863387976,0.3953488372093023,0.9927007299270073,0.5654885654885655
3,LogisticRegression,0.25,0.47540983606557374,0.4153846153846154,0.9854014598540146,0.5844155844155844
3,LogisticRegression,0.3,0.5218579234972678,0.4370860927152318,0.9635036496350365,0.6013667425968109
3,LogisticRegression,0.35,0.5737704918032787,0.46619217081850534,0.9562043795620438,0.6267942583732058
3,LogisticRegression,0.4,0.5983606557377049,0.48134328358208955,0.9416058394160584,0.6370370370370371
3,LogisticRegression,0.45,0.639344262295082,0.510548523206751,0.8832116788321168,0.6470588235294118
3,LogisticRegression,0.5,0.6530054644808743,0.5242718446601942,0.7883211678832117,0.6297376093294461
3,LogisticRegression,0.55,0.6612021857923497,0.5389221556886228,0.656934306569343,0.5921052631578947
3,LogisticRegression,0.6,0.6502732240437158,0.5371900826446281,0.4744525547445255,0.5038759689922481
3,LogisticRegression,0.65,0.6612021857923497,0.589041095890411,0.31386861313868614,0.4095238095238095
3,LogisticRegression,0.7,0.6202185792349727,0.46153846153846156,0.08759124087591241,0.147239263803681
3,LogisticRegression,0.75,0.6202185792349727,0.3333333333333333,0.014598540145985401,0.027972027972027972
3,LogisticRegression,0.8,0.6256830601092896,0.5,0.0072992700729927005,0.014388489208633094
3,LogisticRegression,0.85,0.6256830601092896,0.0,0.0,0.0
3,LogisticRegression,0.9,0.6256830601092896,0.0,0.0,0.0
3,SVM,0.1,0.39344262295081966,0.3816155988857939,1.0,0.5524193548387096
3,SVM,0.15,0.4426229508196721,0.40117994100294985,0.9927007299270073,0.5714285714285714
3,SVM,0.2,0.47540983606557374,0.41379310344827586,0.9635036496350365,0.5789473684210527
3,SVM,0.25,0.546448087431694,0.44982698961937717,0.948905109489051,0.6103286384976526
3,SVM,0.3,0.5956284153005464,0.4789272030651341,0.9124087591240876,0.628140703517588
3,SVM,0.35,0.6366120218579235,0.5089285714285714,0.8321167883211679,0.631578947368421
3,SVM,0.4,0.6530054644808743,0.5257731958762887,0.7445255474452555,0.6163141993957704
3,SVM,0.45,0.6502732240437158,0.5298013245033113,0.583941605839416,0.5555555555555556
3,SVM,0.5,0.6612021857923497,0.5537190082644629,0.48905109489051096,0.5193798449612403
3,SVM,0.55,0.6530054644808743,0.5657894736842105,0.31386861313868614,0.40375586854460094
3,SVM,0.6,0.6420765027322405,0.5882352941176471,0.145985401459854,0.23391812865497075
3,SVM,0.65,0.6147540983606558,0.25,0.014598540145985401,0.027586206896551724
3,SVM,0.7,0.6256830601092896,0.5,0.014598540145985401,0.028368794326241134
3,SVM,0.75,0.6256830601092896,0.0,0.0,0.0
3,SVM,0.8,0.6256830601092896,0.0,0.0,0.0
3,SVM,0.85,0.6256830601092896,0.0,0.0,0.0
3,SVM,0.9,0.6256830601092896,0.0,0.0,0.0
3,XGBoostClassifier,0.1,0.43169398907103823,0.3965014577259475,0.9927007299270073,0.5666666666666667
3,XGBoostClassifier,0.15,0.4726775956284153,0.41411042944785276,0.9854014598540146,0.5831533477321814
3,XGBoostClassifier,0.2,0.5,0.4272151898734177,0.9854014598540146,0.5960264900662252
3,XGBoostClassifier,0.25,0.5355191256830601,0.44554455445544555,0.9854014598540146,0.6136363636363636
3,XGBoostClassifier,0.3,0.5683060109289617,0.46366782006920415,0.9781021897810219,0.6291079812206573
3,XGBoostClassifier,0.35,0.5819672131147541,0.4703703703703704,0.927007299270073,0.6240786240786241
3,XGBoostClassifier,0.4,0.592896174863388,0.47560975609756095,0.8540145985401459,0.6109660574412533
3,XGBoostClassifier,0.45,0.6038251366120219,0.4811320754716981,0.7445255474452555,0.5845272206303725
3,XGBoostClassifier,0.5,0.6256830601092896,0.5,0.635036496350365,0.5594855305466238
3,XGBoostClassifier,0.55,0.6338797814207651,0.5109489051094891,0.5109489051094891,0.5109489051094891
3,XGBoostClassifier,0.6,0.6366120218579235,0.5188679245283019,0.40145985401459855,0.45267489711934156
3,XGBoostClassifier,0.65,0.6502732240437158,0.5569620253164557,0.32116788321167883,0.4074074074074074
3,XGBoostClassifier,0.7,0.639344262295082,0.5409836065573771,0.24087591240875914,0.3333333333333333
3,XGBoostClassifier,0.75,0.6420765027322405,0.575,0.1678832116788321,0.2598870056497175
3,XGBoostClassifier,0.8,0.644808743169399,0.64,0.11678832116788321,0.19753086419753085
3,XGBoostClassifier,0.85,0.6366120218579235,0.75,0.043795620437956206,0.08275862068965517
3,XGBoostClassifier,0.9,0.6284153005464481,1.0,0.0072992700729927005,0.014492753623188406
4,LogisticRegression,0.1,0.3743169398907104,0.3743169398907104,1.0,0.5447316103379721
4,LogisticRegression,0.15,0.3879781420765027,0.37950138504155123,1.0,0.5502008032128514
4,LogisticRegression,0.2,0.4207650273224044,0.39255014326647564,1.0,0.5637860082304527
4,LogisticRegression,0.25,0.4453551912568306,0.4017857142857143,0.9854014598540146,0.5708245243128964
4,LogisticRegression,0.3,0.5,0.4267515923566879,0.9781021897810219,0.5942350332594235
4,LogisticRegression,0.35,0.5437158469945356,0.4489795918367347,0.9635036496350365,0.6125290023201856
4,LogisticRegression,0.4,0.5956284153005464,0.48,0.9635036496350365,0.6407766990291263
4,LogisticRegression,0.45,0.6256830601092896,0.5,0.8613138686131386,0.6327077747989276
4,LogisticRegression,0.5,0.6612021857923497,0.5314009661835749,0.8029197080291971,0.6395348837209303
4,LogisticRegression,0.55,0.6721311475409836,0.5491329479768786,0.6934306569343066,0.6129032258064516
4,LogisticRegression,0.6,0.6584699453551912,0.5508474576271186,0.4744525547445255,0.5098039215686274
4,LogisticRegression,0.65,0.6338797814207651,0.5283018867924528,0.20437956204379562,0.29473684210526313
4,LogisticRegression,0.7,0.6284153005464481,0.5384615384615384,0.051094890510948905,0.09333333333333334
4,LogisticRegression,0.75,0.6284153005464481,0.6666666666666666,0.014598540145985401,0.02857142857142857
4,LogisticRegression,0.8,0.6256830601092896,0.0,0.0,0.0
4,LogisticRegression,0.85,0.6256830601092896,0.0,0.0,0.0
4,LogisticRegression,0.9,0.6256830601092896,0.0,0.0,0.0
4,SVM,0.1,0.3743169398907104,0.3743169398907104,1.0,0.5447316103379721
4,SVM,0.15,0.4207650273224044,0.39255014326647564,1.0,0.5637860082304527
4,SVM,0.2,0.45081967213114754,0.4041916167664671,0.9854014598540146,0.5732484076433121
4,SVM,0.25,0.5191256830601093,0.4360655737704918,0.9708029197080292,0.6018099547511312
4,SVM,0.3,0.5737704918032787,0.4657039711191336,0.9416058394160584,0.6231884057971014
4,SVM,0.35,0.6338797814207651,0.5067873303167421,0.8175182481751825,0.6256983240223464
4,SVM,0.4,0.6639344262295082,0.5357142857142857,0.7664233576642335,0.6306306306306306
4,SVM,0.45,0.6666666666666666,0.543859649122807,0.6788321167883211,0.6038961038961039
4,SVM,0.5,0.6666666666666666,0.5609756097560976,0.5036496350364964,0.5307692307692308
4,SVM,0.55,0.6338797814207651,0.5319148936170213,0.18248175182481752,0.2717391304347826
4,SVM,0.6,0.6338797814207651,0.6666666666666666,0.043795620437956206,0.0821917808219178
4,SVM,0.65,0.6284153005464481,0.6,0.021897810218978103,0.04225352112676056
4,SVM,0.7,0.6284153005464481,1.0,0.0072992700729927005,0.014492753623188406
4,SVM,0.75,0.6256830601092896,0.0,0.0,0.0
4,SVM,0.8,0.6256830601092896,0.0,0.0,0.0
4,SVM,0.85,0.6256830601092896,0.0,0.0,0.0
4,SVM,0.9,0.6256830601092896,0.0,0.0,0.0
4,XGBoostClassifier,0.1,0.4262295081967213,0.39481268011527376,1.0,0.5661157024793388
4,XGBoostClassifier,0.15,0.4644808743169399,0.4114114114114114,1.0,0.5829787234042553
4,XGBoostClassifier,0.2,0.49453551912568305,0.4254658385093168,1.0,0.5969498910675382
4,XGBoostClassifier,0.25,0.5218579234972678,0.43870967741935485,0.9927007299270073,0.6085011185682326
4,XGBoostClassifier,0.3,0.5355191256830601,0.44518272425249167,0.9781021897810219,0.6118721461187214
4,XGBoostClassifier,0.35,0.5737704918032787,0.46494464944649444,0.9197080291970803,0.6176470588235294
4,XGBoostClassifier,0.4,0.6010928961748634,0.48148148148148145,0.8540145985401459,0.6157894736842106
4,XGBoostClassifier,0.45,0.6366120218579235,0.5097087378640777,0.7664233576642335,0.6122448979591837
4,XGBoostClassifier,0.5,0.6475409836065574,0.525,0.6131386861313869,0.5656565656565656
4,XGBoostClassifier,0.55,0.6666666666666666,0.5572519083969466,0.5328467153284672,0.5447761194029851
4,XGBoostClassifier,0.6,0.6584699453551912,0.5545454545454546,0.44525547445255476,0.4939271255060729
4,XGBoostClassifier,0.65,0.6475409836065574,0.5476190476190477,0.3357664233576642,0.416289592760181
4,XGBoostClassifier,0.7,0.639344262295082,0.5454545454545454,0.21897810218978103,0.3125
4,XGBoostClassifier,0.75,0.6475409836065574,0.6666666666666666,0.11678832116788321,0.19875776397515527
4,XGBoostClassifier,0.8,0.639344262295082,0.8571428571428571,0.043795620437956206,0.08333333333333333
4,XGBoostClassifier,0.85,0.6256830601092896,0.0,0.0,0.0
4,XGBoostClassifier,0.9,0.6256830601092896,0.0,0.0,0.0
5,LogisticRegression,0.1,0.3743169398907104,0.3743169398907104,1.0,0.5447316103379721
5,LogisticRegression,0.15,0.3879781420765027,0.37950138504155123,1.0,0.5502008032128514
5,LogisticRegression,0.2,0.4180327868852459,0.3914285714285714,1.0,0.5626283367556468
5,LogisticRegression,0.25,0.4453551912568306,0.40294117647058825,1.0,0.5744234800838575
5,LogisticRegression,0.3,0.4808743169398907,0.4169278996865204,0.9708029197080292,0.5833333333333334
5,LogisticRegression,0.35,0.5300546448087432,0.4414715719063545,0.9635036496350365,0.6055045871559633
5,LogisticRegression,0.4,0.5628415300546448,0.45878136200716846,0.9343065693430657,0.6153846153846154
5,LogisticRegression,0.45,0.6120218579234973,0.4895397489539749,0.8540145985401459,0.6223404255319149
5,LogisticRegression,0.5,0.6502732240437158,0.5217391304347826,0.7883211678832117,0.627906976744186
5,LogisticRegression,0.55,0.6693989071038251,0.5470588235294118,0.6788321167883211,0.6058631921824105
5,LogisticRegression,0.6,0.6666666666666666,0.5663716814159292,0.46715328467153283,0.512
5,LogisticRegression,0.65,0.6366120218579235,0.5384615384615384,0.20437956204379562,0.2962962962962963
5,LogisticRegression,0.7,0.6284153005464481,0.5454545454545454,0.043795620437956206,0.08108108108108109
5,LogisticRegression,0.75,0.6256830601092896,0.0,0.0,0.0
5,LogisticRegression,0.8,0.6256830601092896,0.0,0.0,0.0
5,LogisticRegression,0.85,0.6256830601092896,0.0,0.0,0.0
5,LogisticRegression,0.9,0.6256830601092896,0.0,0.0,0.0
5,SVM,0.1,0.3770491803278688,0.37534246575342467,1.0,0.545816733067729
5,SVM,0.15,0.4180327868852459,0.3914285714285714,1.0,0.5626283367556468
5,SVM,0.2,0.4426229508196721,0.40117994100294985,0.9927007299270073,0.5714285714285714
5,SVM,0.25,0.5136612021857924,0.43278688524590164,0.9635036496350365,0.5972850678733032
5,SVM,0.3,0.5573770491803278,0.4542124542124542,0.9051094890510949,0.6048780487804878
5,SVM,0.35,0.6229508196721312,0.4977578475336323,0.8102189781021898,0.6166666666666667
5,SVM,0.4,0.6557377049180327,0.5291005291005291,0.7299270072992701,0.6134969325153374
5,SVM,0.45,0.6721311475409836,0.5527950310559007,0.6496350364963503,0.5973154362416108
5,SVM,0.5,0.7103825136612022,0.6260162601626016,0.5620437956204379,0.5923076923076923
5,SVM,0.55,0.639344262295082,0.5531914893617021,0.1897810218978102,0.2826086956521739
5,SVM,0.6,0.6202185792349727,0.4166666666666667,0.0364963503649635,0.06711409395973154
5,SVM,0.65,0.6311475409836066,1.0,0.014598540145985401,0.02877697841726619
5,SVM,0.7,0.6256830601092896,0.0,0.0,0.0
5,SVM,0.75,0.6256830601092896,0.0,0.0,0.0
5,SVM,0.8,0.6256830601092896,0.0,0.0,0.0
5,SVM,0.85,0.6256830601092896,0.0,0.0,0.0
5,SVM,0.9,0.6256830601092896,0.0,0.0,0.0
5,XGBoostClassifier,0.1,0.4344262295081967,0.39825581395348836,1.0,0.5696465696465697
5,XGBoostClassifier,0.15,0.4562841530054645,0.40718562874251496,0.9927007299270073,0.5774946921443737
5,XGBoostClassifier,0.2,0.47540983606557374,0.41379310344827586,0.9635036496350365,0.5789473684210527
5,XGBoostClassifier,0.25,0.4972677595628415,0.4234527687296417,0.948905109489051,0.5855855855855856
5,XGBoostClassifier,0.3,0.5218579234972678,0.43448275862068964,0.9197080291970803,0.5901639344262295
5,XGBoostClassifier,0.35,0.5546448087431693,0.45112781954887216,0.8759124087591241,0.5955334987593052
5,XGBoostClassifier,0.4,0.5819672131147541,0.4652173913043478,0.781021897810219,0.5831062670299727
5,XGBoostClassifier,0.45,0.6229508196721312,0.4975124378109453,0.7299270072992701,0.591715976331361
5,XGBoostClassifier,0.5,0.644808743169399,0.52,0.6642335766423357,0.5833333333333334
5,XGBoostClassifier,0.55,0.6475409836065574,0.5273972602739726,0.5620437956204379,0.5441696113074205
5,XGBoostClassifier,0.6,0.644808743169399,0.5284552845528455,0.4744525547445255,0.5
5,XGBoostClassifier,0.65,0.6530054644808743,0.5568181818181818,0.35766423357664234,0.43555555555555553
5,XGBoostClassifier,0.7,0.6530054644808743,0.5806451612903226,0.26277372262773724,0.36180904522613067
5,XGBoostClassifier,0.75,0.6502732240437158,0.6216216216216216,0.1678832116788321,0.26436781609195403
5,XGBoostClassifier,0.8,0.6530054644808743,0.6923076923076923,0.13138686131386862,0.22085889570552147
5,XGBoostClassifier,0.85,0.6420765027322405,0.8,0.058394160583941604,0.10884353741496598
5,XGBoostClassifier,0.9,0.6338797814207651,1.0,0.021897810218978103,0.04285714285714286
6,LogisticRegression,0.1,0.37158469945355194,0.37158469945355194,1.0,0.5418326693227091
6,LogisticRegression,0.15,0.3743169398907104,0.3726027397260274,1.0,0.5429141716566867
6,LogisticRegression,0.2,0.412568306010929,0.38746438746438744,1.0,0.5585215605749486
6,LogisticRegression,0.25,0.4344262295081967,0.3965014577259475,1.0,0.5678496868475992
6,LogisticRegression,0.3,0.46174863387978143,0.4072948328267477,0.9852941176470589,0.5763440860215053
6,LogisticRegression,0.35,0.5109289617486339,0.42950819672131146,0.9632352941176471,0.5941043083900227
6,LogisticRegression,0.4,0.5573770491803278,0.45422535211267606,0.9485294117647058,0.6142857142857143
6,LogisticRegression,0.45,0.6065573770491803,0.4830508474576271,0.8382352941176471,0.6129032258064516
6,LogisticRegression,0.5,0.6311475409836066,0.5024875621890548,0.7426470588235294,0.599406528189911
6,LogisticRegression,0.55,0.6612021857923497,0.5357142857142857,0.6617647058823529,0.5921052631578947
6,LogisticRegression,0.6,0.6530054644808743,0.5428571428571428,0.41911764705882354,0.4730290456431535
6,LogisticRegression,0.65,0.6502732240437158,0.6052631578947368,0.16911764705882354,0.26436781609195403
6,LogisticRegression,0.7,0.6256830601092896,0.4444444444444444,0.029411764705882353,0.05517241379310345
6,LogisticRegression,0.75,0.6202185792349727,0.0,0.0,0.0
6,LogisticRegression,0.8,0.6284153005464481,0.0,0.0,0.0
6,LogisticRegression,0.85,0.6284153005464481,0.0,0.0,0.0
6,LogisticRegression,0.9,0.6284153005464481,0.0,0.0,0.0
6,SVM,0.1,0.3743169398907104,0.3726027397260274,1.0,0.5429141716566867
6,SVM,0.15,0.40710382513661203,0.38526912181303113,1.0,0.556237218813906
6,SVM,0.2,0.4453551912568306,0.40117994100294985,1.0,0.5726315789473684
6,SVM,0.25,0.5081967213114754,0.42810457516339867,0.9632352941176471,0.5927601809954751
6,SVM,0.3,0.5601092896174863,0.45387453874538747,0.9044117647058824,0.6044226044226044
6,SVM,0.35,0.6120218579234973,0.4868421052631579,0.8161764705882353,0.6098901098901099
6,SVM,0.4,0.6475409836065574,0.518324607329843,0.7279411764705882,0.6055045871559633
6,SVM,0.45,0.644808743169399,0.51875,0.6102941176470589,0.5608108108108109
6,SVM,0.5,0.674863387978142,0.5702479338842975,0.5073529411764706,0.5369649805447471
6,SVM,0.55,0.6475409836065574,0.6,0.15441176470588236,0.24561403508771928
6,SVM,0.6,0.6284153005464481,0.5,0.014705882352941176,0.02857142857142857
6,SVM,0.65,0.6284153005464481,0.0,0.0,0.0
6,SVM,0.7,0.6284153005464481,0.0,0.0,0.0
6,SVM,0.75,0.6284153005464481,0.0,0.0,0.0
6,SVM,0.8,0.6284153005464481,0.0,0.0,0.0
6,SVM,0.85,0.6284153005464481,0.0,0.0,0.0
6,SVM,0.9,0.6284153005464481,0.0,0.0,0.0
6,XGBoostClassifier,0.1,0.3989071038251366,0.38202247191011235,1.0,0.5528455284552846
6,XGBoostClassifier,0.15,0.412568306010929,0.3868194842406877,0.9926470588235294,0.5567010309278351
6,XGBoostClassifier,0.2,0.4453551912568306,0.3987915407854985,0.9705882352941176,0.5653104925053534
6,XGBoostClassifier,0.25,0.4890710382513661,0.4169381107491857,0.9411764705882353,0.5778781038374717
6,XGBoostClassifier,0.3,0.5273224043715847,0.43686006825938567,0.9411764705882353,0.5967365967365967
6,XGBoostClassifier,0.35,0.5491803278688525,0.44609665427509293,0.8823529411764706,0.5925925925925926
6,XGBoostClassifier,0.4,0.592896174863388,0.4738955823293173,0.8676470588235294,0.612987012987013
6,XGBoostClassifier,0.45,0.6311475409836066,0.5023255813953489,0.7941176470588235,0.6153846153846154
6,XGBoostClassifier,0.5,0.6502732240437158,0.5229885057471264,0.6691176470588235,0.5870967741935483
6,XGBoostClassifier,0.55,0.644808743169399,0.5238095238095238,0.4852941176470588,0.5038167938931297
6,XGBoostClassifier,0.6,0.6775956284153005,0.6,0.39705882352941174,0.4778761061946903
6,XGBoostClassifier,0.65,0.6775956284153005,0.625,0.33088235294117646,0.4326923076923077
6,XGBoostClassifier,0.7,0.6557377049180327,0.6136363636363636,0.19852941176470587,0.3
6,XGBoostClassifier,0.75,0.6284153005464481,0.5,0.08823529411764706,0.15
6,XGBoostClassifier,0.8,0.6311475409836066,0.5714285714285714,0.029411764705882353,0.055944055944055944
6,XGBoostClassifier,0.85,0.6284153005464481,0.5,0.022058823529411766,0.04225352112676056
6,XGBoostClassifier,0.9,0.6284153005464481,0.0,0.0,0.0
7,LogisticRegression,0.1,0.36885245901639346,0.36885245901639346,1.0,0.5389221556886228
7,LogisticRegression,0.15,0.36885245901639346,0.36885245901639346,1.0,0.5389221556886228
7,LogisticRegression,0.2,0.39617486338797814,0.3792134831460674,1.0,0.5498981670061099
7,LogisticRegression,0.25,0.42349726775956287,0.3901734104046243,1.0,0.5613305613305614
7,LogisticRegression,0.3,0.4426229508196721,0.3970149253731343,0.9851851851851852,0.5659574468085107
7,LogisticRegression,0.35,0.4918032786885246,0.4185303514376997,0.9703703703703703,0.5848214285714286
7,LogisticRegression,0.4,0.5573770491803278,0.45263157894736844,0.9555555555555556,0.6142857142857143
7,LogisticRegression,0.45,0.592896174863388,0.4713114754098361,0.8518518518518519,0.6068601583113457
7,LogisticRegression,0.5,0.6420765027322405,0.5096153846153846,0.7851851851851852,0.6180758017492711
7,LogisticRegression,0.55,0.6584699453551912,0.5280898876404494,0.6962962962962963,0.6006389776357828
7,LogisticRegression,0.6,0.6612021857923497,0.5604395604395604,0.37777777777777777,0.45132743362831856
7,LogisticRegression,0.65,0.6284153005464481,0.48148148148148145,0.0962962962962963,0.16049382716049382
7,LogisticRegression,0.7,0.6256830601092896,0.3333333333333333,0.014814814814814815,0.028368794326241134
7,LogisticRegression,0.75,0.6284153005464481,0.0,0.0,0.0
7,LogisticRegression,0.8,0.6311475409836066,0.0,0.0,0.0
7,LogisticRegression,0.85,0.6311475409836066,0.0,0.0,0.0
7,LogisticRegression,0.9,0.6311475409836066,0.0,0.0,0.0
7,SVM,0.1,0.36885245901639346,0.36885245901639346,1.0,0.5389221556886228
7,SVM,0.15,0.3743169398907104,0.3708791208791209,1.0,0.5410821643286573
7,SVM,0.2,0.4180327868852459,0.3872832369942196,0.9925925925925926,0.5571725571725572
7,SVM,0.25,0.46174863387978143,0.4049079754601227,0.9777777777777777,0.5726681127982647
7,SVM,0.3,0.5300546448087432,0.43462897526501765,0.9111111111111111,0.5885167464114832
7,SVM,0.35,0.592896174863388,0.4708333333333333,0.837037037037037,0.6026666666666667
7,SVM,0.4,0.6612021857923497,0.5287958115183246,0.7481481481481481,0.6196319018404908
7,SVM,0.45,0.6830601092896175,0.5575757575757576,0.6814814814814815,0.6133333333333333
7,SVM,0.5,0.6693989071038251,0.5614035087719298,0.4740740740740741,0.5140562248995983
7,SVM,0.55,0.6256830601092896,0.375,0.022222222222222223,0.04195804195804196
7,SVM,0.6,0.6284153005464481,0.0,0.0,0.0
7,SVM,0.65,0.6311475409836066,0.0,0.0,0.0
7,SVM,0.7,0.6311475409836066,0.0,0.0,0.0
7,SVM,0.75,0.6311475409836066,0.0,0.0,0.0
7,SVM,0.8,0.6311475409836066,0.0,0.0,0.0
7,SVM,0.85,0.6311475409836066,0.0,0.0,0.0
7,SVM,0.9,0.6311475409836066,0.0,0.0,0.0
7,XGBoostClassifier,0.1,0.3907103825136612,0.37640449438202245,0.9925925925925926,0.5458248472505092
7,XGBoostClassifier,0.15,0.42349726775956287,0.3888888888888889,0.9851851851851852,0.5576519916142557
7,XGBoostClassifier,0.2,0.4562841530054645,0.401840490797546,0.9703703703703703,0.5683297180043384
7,XGBoostClassifier,0.25,0.4890710382513661,0.4166666666666667,0.9629629629629629,0.5816554809843401
7,XGBoostClassifier,0.3,0.5027322404371585,0.4219269102990033,0.9407407407407408,0.5825688073394495
7,XGBoostClassifier,0.35,0.5218579234972678,0.43006993006993005,0.9111111111111111,0.5843230403800475
7,XGBoostClassifier,0.4,0.5327868852459017,0.4296875,0.8148148148148148,0.5626598465473146
7,XGBoostClassifier,0.45,0.587431693989071,0.46296296296296297,0.7407407407407407,0.5698005698005698
7,XGBoostClassifier,0.5,0.6256830601092896,0.4943181818181818,0.6444444444444445,0.5594855305466238
7,XGBoostClassifier,0.55,0.6502732240437158,0.5271317829457365,0.5037037037037037,0.5151515151515151
7,XGBoostClassifier,0.6,0.639344262295082,0.5161290322580645,0.35555555555555557,0.42105263157894735
7,XGBoostClassifier,0.65,0.6557377049180327,0.5671641791044776,0.2814814814814815,0.37623762376237624
7,XGBoostClassifier,0.7,0.6639344262295082,0.625,0.2222222222222222,0.32786885245901637
7,XGBoostClassifier,0.75,0.6475409836065574,0.6071428571428571,0.1259259259259259,0.2085889570552147
7,XGBoostClassifier,0.8,0.6366120218579235,0.5714285714285714,0.05925925925925926,0.10738255033557047
7,XGBoostClassifier,0.85,0.6256830601092896,0.25,0.007407407407407408,0.014388489208633094
7,XGBoostClassifier,0.9,0.6311475409836066,0.0,0.0,0.0
