task,feature,coefficient,absolute_coefficient,direction
rain_classification,humidity,1.0890337700478478,1.0890337700478478,positive
rain_classification,temperature,0.7252384122526202,0.7252384122526202,positive
rain_classification,temp_roll_mean_7,-0.2892996541844509,0.2892996541844509,negative
rain_classification,month,-0.28156874017184175,0.28156874017184175,negative
rain_classification,cloud_cover,0.22423404823628054,0.22423404823628054,positive
rain_classification,humidity_lag3,0.1780526191804198,0.1780526191804198,positive
rain_classification,temp_lag7,0.1609787702967365,0.1609787702967365,positive
rain_classification,shortwave_radiation,-0.15818214059180075,0.15818214059180075,negative
rain_classification,humidity_roll_mean_7,-0.14981919972712737,0.14981919972712737,negative
rain_classification,pressure_msl,-0.14232365711345932,0.14232365711345932,negative
rain_classification,precipitation,0.13312686079210967,0.13312686079210967,positive
rain_classification,temp_lag3,-0.12609603450347068,0.12609603450347068,negative
rain_classification,temp_lag1,0.12064991717307794,0.12064991717307794,positive
rain_classification,humidity_roll_mean_3,-0.1070082098554562,0.1070082098554562,negative
rain_classification,season,0.10593022075708125,0.10593022075708125,positive
rain_classification,rain_lag7,0.10210780853862698,0.10210780853862698,positive
rain_classification,rain_roll_sum_7,-0.08561575347454807,0.08561575347454807,negative
rain_classification,day_of_year,0.07015802401996554,0.07015802401996554,positive
rain_classification,rain_lag1,-0.06628392023937196,0.06628392023937196,negative
rain_classification,temp_roll_mean_3,0.06484090716437241,0.06484090716437241,positive
rain_classification,humidity_lag7,0.06316263211515255,0.06316263211515255,positive
rain_classification,wind_speed_10m,-0.04052376648239817,0.04052376648239817,negative
rain_classification,rain_lag3,0.036428307148707054,0.036428307148707054,positive
rain_classification,humidity_lag1,0.03207990709403494,0.03207990709403494,positive
rain_classification,rain_roll_sum_3,-0.01824072168031422,0.01824072168031422,negative
