task,feature,importance_mean,importance_std
rain_classification,humidity,0.06557453500761339,0.009428270894902209
rain_classification,shortwave_radiation,0.01600083865067554,0.009122374753573016
rain_classification,month,0.015871904327361207,0.004699973340281016
rain_classification,day_of_year,0.014990564990565036,0.004943232637765832
rain_classification,cloud_cover,0.013472093556335541,0.004919970652989992
rain_classification,temp_lag7,0.012812071875666709,0.004513849369785974
rain_classification,temperature,0.01196611013885771,0.007089710080934201
rain_classification,rain_roll_sum_7,0.01148594829889409,0.004825745932858072
rain_classification,temp_lag3,0.009765462735321816,0.0034831998567807546
rain_classification,humidity_roll_mean_7,0.00892844456122035,0.007173601894679139
rain_classification,pressure_msl,0.007694372403411398,0.010072828400739399
rain_classification,wind_speed_10m,0.0076136726561182085,0.0039140947135411115
rain_classification,humidity_lag1,0.007225419494607532,0.005320345012896873
rain_classification,precipitation,0.006774943080306817,0.0060871617105404206
rain_classification,humidity_lag7,0.00638545243567108,0.006116170782311157
rain_classification,humidity_roll_mean_3,0.005940601614198604,0.004098073568217205
rain_classification,humidity_lag3,0.0059177686077831245,0.003667040827021952
rain_classification,season,0.004603419594930713,0.0021296878753538336
rain_classification,rain_lag7,0.003809599629996163,0.005553117270973476
rain_classification,temp_roll_mean_7,0.002947979368501397,0.002552646426146868
rain_classification,rain_lag3,0.0025768776177384376,0.0040521568909513
rain_classification,temp_lag1,0.0004844014416516051,0.0030769064479983814
rain_classification,rain_roll_sum_3,-0.0020433505115093676,0.0022933609685018884
rain_classification,rain_lag1,-0.003335570118992237,0.0036876416349684474
rain_classification,temp_roll_mean_3,-0.0038115978439485334,0.004830164894824655
