time,temperature,target_temperature,target_rain,predicted_temperature,absolute_error
2025-03-28 12:00:00,29.8,16.8,1.0,28.678638351298765,11.878638351298765
2025-01-25 12:00:00,23.9,14.9,1.0,23.704798658990168,8.804798658990167
2025-11-17 12:00:00,24.9,16.9,1.0,25.37383918565889,8.473839185658893
2025-12-24 12:00:00,26.2,17.4,0.0,25.14102252253776,7.741022522537762
2025-03-05 12:00:00,23.0,15.2,0.0,22.59876567925117,7.39876567925117
2025-02-02 12:00:00,23.0,15.8,1.0,22.477742654485752,6.677742654485751
2025-03-15 12:00:00,26.6,19.0,0.0,25.56560222080362,6.565602220803619
2025-05-10 12:00:00,31.4,24.5,0.0,30.994402107113267,6.494402107113267
2025-10-05 12:00:00,32.0,26.2,1.0,32.4065676637002,6.206567663700202
2025-04-14 12:00:00,25.2,31.4,0.0,25.451638763320705,5.948361236679293
2025-08-05 12:00:00,35.3,28.4,1.0,34.3090204461938,5.9090204461938
2025-04-18 12:00:00,31.0,36.7,0.0,30.849764465424133,5.850235534575869
2025-08-24 12:00:00,32.2,26.5,1.0,32.193355621235895,5.693355621235895
2025-09-24 12:00:00,32.9,26.2,1.0,31.5786221170276,5.3786221170276
2025-05-23 12:00:00,29.0,23.9,1.0,29.224899469031413,5.324899469031415
2025-06-15 12:00:00,34.8,29.1,1.0,34.127577530586365,5.027577530586363
2025-02-06 12:00:00,18.1,14.8,0.0,19.76102832667527,4.961028326675269
2025-04-12 12:00:00,32.8,26.4,0.0,31.195640767142926,4.7956407671429275
2025-02-15 12:00:00,22.8,17.9,1.0,22.584482377775593,4.684482377775595
2025-05-30 12:00:00,28.9,33.1,0.0,28.421995890240822,4.678004109759179
