task,feature,importance
temperature_regression,temperature,0.48442152
temperature_regression,season,0.17623714
temperature_regression,day_of_year,0.032125372
temperature_regression,pressure_msl,0.027346319
temperature_regression,temp_lag7,0.020569371
temperature_regression,temp_roll_mean_7,0.019552842
temperature_regression,temp_lag1,0.018159788
temperature_regression,wind_speed_10m,0.01794089
temperature_regression,rain_roll_sum_7,0.016254175
temperature_regression,month,0.015610658
temperature_regression,temp_roll_mean_3,0.014502523
temperature_regression,humidity_roll_mean_3,0.013544121
temperature_regression,shortwave_radiation,0.0131401485
temperature_regression,humidity_lag7,0.013134745
temperature_regression,precipitation,0.012808238
temperature_regression,humidity_roll_mean_7,0.012441408
temperature_regression,rain_lag1,0.011924998
temperature_regression,temp_lag3,0.0117121665
temperature_regression,rain_roll_sum_3,0.011662477
temperature_regression,cloud_cover,0.0112359375
temperature_regression,humidity,0.010106682
temperature_regression,humidity_lag3,0.009944529
temperature_regression,humidity_lag1,0.009065501
temperature_regression,rain_lag7,0.0087356465
temperature_regression,rain_lag3,0.007822893
