horizon_day,task,model,candidate_index,rank_test_score,mean_test_score,std_test_score,mean_cv_rmse,mean_cv_f1,is_best,best_params,params,search_iter_budget
1,temperature_regression,LinearRegression,1,1,,,,,True,StandardScaler + LinearRegression,StandardScaler + LinearRegression,4
1,temperature_regression,KNNRegressor,1,1,-3.2940762734960067,0.8270277075043782,3.2940762734960067,,True,"{""model__n_neighbors"": 9, ""model__weights"": ""distance""}","{""model__n_neighbors"": 9, ""model__weights"": ""distance""}",4
1,temperature_regression,KNNRegressor,2,4,-3.3270567099817954,0.8223887287874242,3.3270567099817954,,False,"{""model__n_neighbors"": 9, ""model__weights"": ""distance""}","{""model__n_neighbors"": 17, ""model__weights"": ""uniform""}",4
1,temperature_regression,KNNRegressor,3,2,-3.3107170572735547,0.8243154878249309,3.3107170572735547,,False,"{""model__n_neighbors"": 9, ""model__weights"": ""distance""}","{""model__n_neighbors"": 10, ""model__weights"": ""uniform""}",4
1,temperature_regression,KNNRegressor,4,3,-3.3229087410611022,0.8387825551724037,3.3229087410611022,,False,"{""model__n_neighbors"": 9, ""model__weights"": ""distance""}","{""model__n_neighbors"": 23, ""model__weights"": ""uniform""}",4
1,temperature_regression,XGBoostRegressor,1,2,-3.081904906002179,0.9485481917532097,3.081904906002179,,False,"{""learning_rate"": 0.055245405728306586, ""max_depth"": 5, ""n_estimators"": 314}","{""learning_rate"": 0.11861663446573512, ""max_depth"": 7, ""n_estimators"": 370}",4
1,temperature_regression,XGBoostRegressor,2,3,-3.116940437173075,0.9130805566126995,3.116940437173075,,False,"{""learning_rate"": 0.055245405728306586, ""max_depth"": 5, ""n_estimators"": 314}","{""learning_rate"": 0.22227824312530747, ""max_depth"": 7, ""n_estimators"": 120}",4
1,temperature_regression,XGBoostRegressor,3,1,-2.983615130381577,0.8425367687773035,2.983615130381577,,True,"{""learning_rate"": 0.055245405728306586, ""max_depth"": 5, ""n_estimators"": 314}","{""learning_rate"": 0.055245405728306586, ""max_depth"": 5, ""n_estimators"": 314}",4
1,temperature_regression,XGBoostRegressor,4,4,-3.1832395446715003,0.8910615299725226,3.1832395446715003,,False,"{""learning_rate"": 0.055245405728306586, ""max_depth"": 5, ""n_estimators"": 314}","{""learning_rate"": 0.026844247528777843, ""max_depth"": 10, ""n_estimators"": 472}",4
1,rain_classification,LogisticRegression,1,2,0.6163576903185172,0.06558214538592844,,0.6163576903185172,False,"{""model__C"": 0.01}","{""model__C"": 0.1}",4
1,rain_classification,LogisticRegression,2,4,0.6124303815565952,0.05161627732524633,,0.6124303815565952,False,"{""model__C"": 0.01}","{""model__C"": 100.0}",4
1,rain_classification,LogisticRegression,3,3,0.6148113507039172,0.052065709851690276,,0.6148113507039172,False,"{""model__C"": 0.01}","{""model__C"": 1.0}",4
1,rain_classification,LogisticRegression,4,1,0.6267962056076015,0.07575799824606004,,0.6267962056076015,True,"{""model__C"": 0.01}","{""model__C"": 0.01}",4
1,rain_classification,SVM,1,3,0.6051997096082808,0.05591699517087472,,0.6051997096082808,False,"{""model__C"": 10.0, ""model__kernel"": ""rbf""}","{""model__C"": 0.1, ""model__kernel"": ""rbf""}",4
1,rain_classification,SVM,2,1,0.6252977301238121,0.06042968743026582,,0.6252977301238121,True,"{""model__C"": 10.0, ""model__kernel"": ""rbf""}","{""model__C"": 10.0, ""model__kernel"": ""rbf""}",4
1,rain_classification,SVM,3,2,0.6191498315023785,0.06117850363094001,,0.6191498315023785,False,"{""model__C"": 10.0, ""model__kernel"": ""rbf""}","{""model__C"": 0.1, ""model__kernel"": ""linear""}",4
1,rain_classification,SVM,4,4,0.5719194889575488,0.03814725032453782,,0.5719194889575488,False,"{""model__C"": 10.0, ""model__kernel"": ""rbf""}","{""model__C"": 100.0, ""model__kernel"": ""rbf""}",4
1,rain_classification,XGBoostClassifier,1,2,0.6188918922425419,0.05048795037126293,,0.6188918922425419,False,"{""learning_rate"": 0.026844247528777843, ""max_depth"": 10, ""n_estimators"": 472}","{""learning_rate"": 0.11861663446573512, ""max_depth"": 7, ""n_estimators"": 370}",4
1,rain_classification,XGBoostClassifier,2,4,0.6069908108558262,0.03372135426605004,,0.6069908108558262,False,"{""learning_rate"": 0.026844247528777843, ""max_depth"": 10, ""n_estimators"": 472}","{""learning_rate"": 0.22227824312530747, ""max_depth"": 7, ""n_estimators"": 120}",4
1,rain_classification,XGBoostClassifier,3,3,0.6147146358777565,0.052736148678435985,,0.6147146358777565,False,"{""learning_rate"": 0.026844247528777843, ""max_depth"": 10, ""n_estimators"": 472}","{""learning_rate"": 0.055245405728306586, ""max_depth"": 5, ""n_estimators"": 314}",4
1,rain_classification,XGBoostClassifier,4,1,0.6303105077841282,0.05176090929428925,,0.6303105077841282,True,"{""learning_rate"": 0.026844247528777843, ""max_depth"": 10, ""n_estimators"": 472}","{""learning_rate"": 0.026844247528777843, ""max_depth"": 10, ""n_estimators"": 472}",4
2,temperature_regression,LinearRegression,1,1,,,,,True,StandardScaler + LinearRegression,StandardScaler + LinearRegression,4
2,temperature_regression,KNNRegressor,1,4,-3.8581627441213024,0.8292211080881593,3.8581627441213024,,False,"{""model__n_neighbors"": 23, ""model__weights"": ""uniform""}","{""model__n_neighbors"": 9, ""model__weights"": ""distance""}",4
2,temperature_regression,KNNRegressor,2,2,-3.834629407438335,0.8270494389752764,3.834629407438335,,False,"{""model__n_neighbors"": 23, ""model__weights"": ""uniform""}","{""model__n_neighbors"": 17, ""model__weights"": ""uniform""}",4
2,temperature_regression,KNNRegressor,3,3,-3.855570785139412,0.82354868665913,3.855570785139412,,False,"{""model__n_neighbors"": 23, ""model__weights"": ""uniform""}","{""model__n_neighbors"": 10, ""model__weights"": ""uniform""}",4
2,temperature_regression,KNNRegressor,4,1,-3.8072899436316745,0.8378601390519985,3.8072899436316745,,True,"{""model__n_neighbors"": 23, ""model__weights"": ""uniform""}","{""model__n_neighbors"": 23, ""model__weights"": ""uniform""}",4
2,temperature_regression,XGBoostRegressor,1,2,-3.7264792511879095,0.9396847418714172,3.7264792511879095,,False,"{""learning_rate"": 0.055245405728306586, ""max_depth"": 5, ""n_estimators"": 314}","{""learning_rate"": 0.11861663446573512, ""max_depth"": 7, ""n_estimators"": 370}",4
2,temperature_regression,XGBoostRegressor,2,4,-3.775708643650011,1.000586148026258,3.775708643650011,,False,"{""learning_rate"": 0.055245405728306586, ""max_depth"": 5, ""n_estimators"": 314}","{""learning_rate"": 0.22227824312530747, ""max_depth"": 7, ""n_estimators"": 120}",4
2,temperature_regression,XGBoostRegressor,3,1,-3.640705339020345,0.9287370638251818,3.640705339020345,,True,"{""learning_rate"": 0.055245405728306586, ""max_depth"": 5, ""n_estimators"": 314}","{""learning_rate"": 0.055245405728306586, ""max_depth"": 5, ""n_estimators"": 314}",4
2,temperature_regression,XGBoostRegressor,4,3,-3.748878752978475,0.986046468498473,3.748878752978475,,False,"{""learning_rate"": 0.055245405728306586, ""max_depth"": 5, ""n_estimators"": 314}","{""learning_rate"": 0.026844247528777843, ""max_depth"": 10, ""n_estimators"": 472}",4
2,rain_classification,LogisticRegression,1,2,0.5783897169216441,0.05426529790350255,,0.5783897169216441,False,"{""model__C"": 0.01}","{""model__C"": 0.1}",4
2,rain_classification,LogisticRegression,2,3,0.5624081256942014,0.07026192129269022,,0.5624081256942014,False,"{""model__C"": 0.01}","{""model__C"": 100.0}",4
2,rain_classification,LogisticRegression,3,4,0.5610128835175974,0.06400469444174395,,0.5610128835175974,False,"{""model__C"": 0.01}","{""model__C"": 1.0}",4
2,rain_classification,LogisticRegression,4,1,0.5789152949446008,0.04804192823802424,,0.5789152949446008,True,"{""model__C"": 0.01}","{""model__C"": 0.01}",4
2,rain_classification,SVM,1,2,0.5762430592326279,0.04660141294376888,,0.5762430592326279,False,"{""model__C"": 0.1, ""model__kernel"": ""linear""}","{""model__C"": 0.1, ""model__kernel"": ""rbf""}",4
2,rain_classification,SVM,2,3,0.532129468724073,0.05934193679077777,,0.532129468724073,False,"{""model__C"": 0.1, ""model__kernel"": ""linear""}","{""model__C"": 10.0, ""model__kernel"": ""rbf""}",4
2,rain_classification,SVM,3,1,0.579823068725974,0.060010210116062744,,0.579823068725974,True,"{""model__C"": 0.1, ""model__kernel"": ""linear""}","{""model__C"": 0.1, ""model__kernel"": ""linear""}",4
2,rain_classification,SVM,4,4,0.5071305909325194,0.05075986884698133,,0.5071305909325194,False,"{""model__C"": 0.1, ""model__kernel"": ""linear""}","{""model__C"": 100.0, ""model__kernel"": ""rbf""}",4
2,rain_classification,XGBoostClassifier,1,3,0.5243509591949549,0.06235957223778668,,0.5243509591949549,False,"{""learning_rate"": 0.055245405728306586, ""max_depth"": 5, ""n_estimators"": 314}","{""learning_rate"": 0.11861663446573512, ""max_depth"": 7, ""n_estimators"": 370}",4
2,rain_classification,XGBoostClassifier,2,2,0.5376190419412926,0.037595268483515284,,0.5376190419412926,False,"{""learning_rate"": 0.055245405728306586, ""max_depth"": 5, ""n_estimators"": 314}","{""learning_rate"": 0.22227824312530747, ""max_depth"": 7, ""n_estimators"": 120}",4
2,rain_classification,XGBoostClassifier,3,1,0.5381934401182231,0.05210793609084599,,0.5381934401182231,True,"{""learning_rate"": 0.055245405728306586, ""max_depth"": 5, ""n_estimators"": 314}","{""learning_rate"": 0.055245405728306586, ""max_depth"": 5, ""n_estimators"": 314}",4
2,rain_classification,XGBoostClassifier,4,4,0.5241020747596336,0.05660141160631302,,0.5241020747596336,False,"{""learning_rate"": 0.055245405728306586, ""max_depth"": 5, ""n_estimators"": 314}","{""learning_rate"": 0.026844247528777843, ""max_depth"": 10, ""n_estimators"": 472}",4
3,temperature_regression,LinearRegression,1,1,,,,,True,StandardScaler + LinearRegression,StandardScaler + LinearRegression,4
3,temperature_regression,KNNRegressor,1,4,-4.148178270761588,0.7826053118746832,4.148178270761588,,False,"{""model__n_neighbors"": 23, ""model__weights"": ""uniform""}","{""model__n_neighbors"": 9, ""model__weights"": ""distance""}",4
3,temperature_regression,KNNRegressor,2,2,-4.066882690112115,0.803559180571479,4.066882690112115,,False,"{""model__n_neighbors"": 23, ""model__weights"": ""uniform""}","{""model__n_neighbors"": 17, ""model__weights"": ""uniform""}",4
3,temperature_regression,KNNRegressor,3,3,-4.138130830857486,0.7867783821328006,4.138130830857486,,False,"{""model__n_neighbors"": 23, ""model__weights"": ""uniform""}","{""model__n_neighbors"": 10, ""model__weights"": ""uniform""}",4
3,temperature_regression,KNNRegressor,4,1,-4.027969167879595,0.8060046187970629,4.027969167879595,,True,"{""model__n_neighbors"": 23, ""model__weights"": ""uniform""}","{""model__n_neighbors"": 23, ""model__weights"": ""uniform""}",4
3,temperature_regression,XGBoostRegressor,1,3,-4.198162087177214,1.379603925592185,4.198162087177214,,False,"{""learning_rate"": 0.055245405728306586, ""max_depth"": 5, ""n_estimators"": 314}","{""learning_rate"": 0.11861663446573512, ""max_depth"": 7, ""n_estimators"": 370}",4
3,temperature_regression,XGBoostRegressor,2,4,-4.2164896369650045,1.238360490221512,4.2164896369650045,,False,"{""learning_rate"": 0.055245405728306586, ""max_depth"": 5, ""n_estimators"": 314}","{""learning_rate"": 0.22227824312530747, ""max_depth"": 7, ""n_estimators"": 120}",4
3,temperature_regression,XGBoostRegressor,3,1,-4.130044413630445,1.3073043491676943,4.130044413630445,,True,"{""learning_rate"": 0.055245405728306586, ""max_depth"": 5, ""n_estimators"": 314}","{""learning_rate"": 0.055245405728306586, ""max_depth"": 5, ""n_estimators"": 314}",4
3,temperature_regression,XGBoostRegressor,4,2,-4.196176727206522,1.3447398434043842,4.196176727206522,,False,"{""learning_rate"": 0.055245405728306586, ""max_depth"": 5, ""n_estimators"": 314}","{""learning_rate"": 0.026844247528777843, ""max_depth"": 10, ""n_estimators"": 472}",4
3,rain_classification,LogisticRegression,1,2,0.5500176369514435,0.08205534438139726,,0.5500176369514435,False,"{""model__C"": 0.01}","{""model__C"": 0.1}",4
3,rain_classification,LogisticRegression,2,4,0.5419108165942872,0.08133984819897504,,0.5419108165942872,False,"{""model__C"": 0.01}","{""model__C"": 100.0}",4
3,rain_classification,LogisticRegression,3,3,0.545668169912466,0.07928044592371704,,0.545668169912466,False,"{""model__C"": 0.01}","{""model__C"": 1.0}",4
3,rain_classification,LogisticRegression,4,1,0.5615163582333249,0.07353869858318841,,0.5615163582333249,True,"{""model__C"": 0.01}","{""model__C"": 0.01}",4
3,rain_classification,SVM,1,2,0.546419138602116,0.06854148638280082,,0.546419138602116,False,"{""model__C"": 0.1, ""model__kernel"": ""linear""}","{""model__C"": 0.1, ""model__kernel"": ""rbf""}",4
3,rain_classification,SVM,2,3,0.5230754955367065,0.05818063202640443,,0.5230754955367065,False,"{""model__C"": 0.1, ""model__kernel"": ""linear""}","{""model__C"": 10.0, ""model__kernel"": ""rbf""}",4
3,rain_classification,SVM,3,1,0.5543833345521628,0.07384554844714476,,0.5543833345521628,True,"{""model__C"": 0.1, ""model__kernel"": ""linear""}","{""model__C"": 0.1, ""model__kernel"": ""linear""}",4
3,rain_classification,SVM,4,4,0.48995575198527586,0.06633542009023345,,0.48995575198527586,False,"{""model__C"": 0.1, ""model__kernel"": ""linear""}","{""model__C"": 100.0, ""model__kernel"": ""rbf""}",4
3,rain_classification,XGBoostClassifier,1,4,0.5064708816977375,0.03794775560426802,,0.5064708816977375,False,"{""learning_rate"": 0.026844247528777843, ""max_depth"": 10, ""n_estimators"": 472}","{""learning_rate"": 0.11861663446573512, ""max_depth"": 7, ""n_estimators"": 370}",4
3,rain_classification,XGBoostClassifier,2,2,0.5261555653864061,0.03029495905723345,,0.5261555653864061,False,"{""learning_rate"": 0.026844247528777843, ""max_depth"": 10, ""n_estimators"": 472}","{""learning_rate"": 0.22227824312530747, ""max_depth"": 7, ""n_estimators"": 120}",4
3,rain_classification,XGBoostClassifier,3,3,0.5129174727691937,0.035077259897649135,,0.5129174727691937,False,"{""learning_rate"": 0.026844247528777843, ""max_depth"": 10, ""n_estimators"": 472}","{""learning_rate"": 0.055245405728306586, ""max_depth"": 5, ""n_estimators"": 314}",4
3,rain_classification,XGBoostClassifier,4,1,0.5326861537571175,0.025271497864196784,,0.5326861537571175,True,"{""learning_rate"": 0.026844247528777843, ""max_depth"": 10, ""n_estimators"": 472}","{""learning_rate"": 0.026844247528777843, ""max_depth"": 10, ""n_estimators"": 472}",4
4,temperature_regression,LinearRegression,1,1,,,,,True,StandardScaler + LinearRegression,StandardScaler + LinearRegression,4
4,temperature_regression,KNNRegressor,1,4,-4.256788337710425,0.8095839218377783,4.256788337710425,,False,"{""model__n_neighbors"": 23, ""model__weights"": ""uniform""}","{""model__n_neighbors"": 9, ""model__weights"": ""distance""}",4
4,temperature_regression,KNNRegressor,2,2,-4.165746730356739,0.8347045516807845,4.165746730356739,,False,"{""model__n_neighbors"": 23, ""model__weights"": ""uniform""}","{""model__n_neighbors"": 17, ""model__weights"": ""uniform""}",4
4,temperature_regression,KNNRegressor,3,3,-4.243483806423881,0.8202252020933994,4.243483806423881,,False,"{""model__n_neighbors"": 23, ""model__weights"": ""uniform""}","{""model__n_neighbors"": 10, ""model__weights"": ""uniform""}",4
4,temperature_regression,KNNRegressor,4,1,-4.124332762242809,0.8359251907883688,4.124332762242809,,True,"{""model__n_neighbors"": 23, ""model__weights"": ""uniform""}","{""model__n_neighbors"": 23, ""model__weights"": ""uniform""}",4
4,temperature_regression,XGBoostRegressor,1,2,-4.240303525445179,1.4359356248542774,4.240303525445179,,False,"{""learning_rate"": 0.055245405728306586, ""max_depth"": 5, ""n_estimators"": 314}","{""learning_rate"": 0.11861663446573512, ""max_depth"": 7, ""n_estimators"": 370}",4
4,temperature_regression,XGBoostRegressor,2,4,-4.309725358499287,1.3629968745242884,4.309725358499287,,False,"{""learning_rate"": 0.055245405728306586, ""max_depth"": 5, ""n_estimators"": 314}","{""learning_rate"": 0.22227824312530747, ""max_depth"": 7, ""n_estimators"": 120}",4
4,temperature_regression,XGBoostRegressor,3,1,-4.18377153632577,1.3618138418290406,4.18377153632577,,True,"{""learning_rate"": 0.055245405728306586, ""max_depth"": 5, ""n_estimators"": 314}","{""learning_rate"": 0.055245405728306586, ""max_depth"": 5, ""n_estimators"": 314}",4
4,temperature_regression,XGBoostRegressor,4,3,-4.283510455982404,1.3855768608638415,4.283510455982404,,False,"{""learning_rate"": 0.055245405728306586, ""max_depth"": 5, ""n_estimators"": 314}","{""learning_rate"": 0.026844247528777843, ""max_depth"": 10, ""n_estimators"": 472}",4
4,rain_classification,LogisticRegression,1,2,0.5426419467629062,0.09349249397773485,,0.5426419467629062,False,"{""model__C"": 0.01}","{""model__C"": 0.1}",4
4,rain_classification,LogisticRegression,2,4,0.5278175439041731,0.08894916678908274,,0.5278175439041731,False,"{""model__C"": 0.01}","{""model__C"": 100.0}",4
4,rain_classification,LogisticRegression,3,3,0.535968256175454,0.0981647575308949,,0.535968256175454,False,"{""model__C"": 0.01}","{""model__C"": 1.0}",4
4,rain_classification,LogisticRegression,4,1,0.5457898411783324,0.08654180462713225,,0.5457898411783324,True,"{""model__C"": 0.01}","{""model__C"": 0.01}",4
4,rain_classification,SVM,1,2,0.5472032054267538,0.08322048528578775,,0.5472032054267538,False,"{""model__C"": 0.1, ""model__kernel"": ""linear""}","{""model__C"": 0.1, ""model__kernel"": ""rbf""}",4
4,rain_classification,SVM,2,3,0.4917399035283923,0.07720840964328976,,0.4917399035283923,False,"{""model__C"": 0.1, ""model__kernel"": ""linear""}","{""model__C"": 10.0, ""model__kernel"": ""rbf""}",4
4,rain_classification,SVM,3,1,0.5565197328788216,0.0809782701592126,,0.5565197328788216,True,"{""model__C"": 0.1, ""model__kernel"": ""linear""}","{""model__C"": 0.1, ""model__kernel"": ""linear""}",4
4,rain_classification,SVM,4,4,0.44945130362835684,0.04418532244255314,,0.44945130362835684,False,"{""model__C"": 0.1, ""model__kernel"": ""linear""}","{""model__C"": 100.0, ""model__kernel"": ""rbf""}",4
4,rain_classification,XGBoostClassifier,1,4,0.4540497696963769,0.08592400645022866,,0.4540497696963769,False,"{""learning_rate"": 0.026844247528777843, ""max_depth"": 10, ""n_estimators"": 472}","{""learning_rate"": 0.11861663446573512, ""max_depth"": 7, ""n_estimators"": 370}",4
4,rain_classification,XGBoostClassifier,2,2,0.4600202403503749,0.10531490379380806,,0.4600202403503749,False,"{""learning_rate"": 0.026844247528777843, ""max_depth"": 10, ""n_estimators"": 472}","{""learning_rate"": 0.22227824312530747, ""max_depth"": 7, ""n_estimators"": 120}",4
4,rain_classification,XGBoostClassifier,3,3,0.45646243239826123,0.09512843655281995,,0.45646243239826123,False,"{""learning_rate"": 0.026844247528777843, ""max_depth"": 10, ""n_estimators"": 472}","{""learning_rate"": 0.055245405728306586, ""max_depth"": 5, ""n_estimators"": 314}",4
4,rain_classification,XGBoostClassifier,4,1,0.4682735024923478,0.097295766565916,,0.4682735024923478,True,"{""learning_rate"": 0.026844247528777843, ""max_depth"": 10, ""n_estimators"": 472}","{""learning_rate"": 0.026844247528777843, ""max_depth"": 10, ""n_estimators"": 472}",4
5,temperature_regression,LinearRegression,1,1,,,,,True,StandardScaler + LinearRegression,StandardScaler + LinearRegression,4
5,temperature_regression,KNNRegressor,1,4,-4.336686880198304,0.8587287929098892,4.336686880198304,,False,"{""model__n_neighbors"": 23, ""model__weights"": ""uniform""}","{""model__n_neighbors"": 9, ""model__weights"": ""distance""}",4
5,temperature_regression,KNNRegressor,2,2,-4.226962177791338,0.8333835332497597,4.226962177791338,,False,"{""model__n_neighbors"": 23, ""model__weights"": ""uniform""}","{""model__n_neighbors"": 17, ""model__weights"": ""uniform""}",4
5,temperature_regression,KNNRegressor,3,3,-4.311849828534319,0.85605686767604,4.311849828534319,,False,"{""model__n_neighbors"": 23, ""model__weights"": ""uniform""}","{""model__n_neighbors"": 10, ""model__weights"": ""uniform""}",4
5,temperature_regression,KNNRegressor,4,1,-4.172374858996828,0.8243417315750815,4.172374858996828,,True,"{""model__n_neighbors"": 23, ""model__weights"": ""uniform""}","{""model__n_neighbors"": 23, ""model__weights"": ""uniform""}",4
5,temperature_regression,XGBoostRegressor,1,3,-4.133532610160737,1.073844762293311,4.133532610160737,,False,"{""learning_rate"": 0.026844247528777843, ""max_depth"": 10, ""n_estimators"": 472}","{""learning_rate"": 0.11861663446573512, ""max_depth"": 7, ""n_estimators"": 370}",4
5,temperature_regression,XGBoostRegressor,2,4,-4.172304531419819,1.1160028487548104,4.172304531419819,,False,"{""learning_rate"": 0.026844247528777843, ""max_depth"": 10, ""n_estimators"": 472}","{""learning_rate"": 0.22227824312530747, ""max_depth"": 7, ""n_estimators"": 120}",4
5,temperature_regression,XGBoostRegressor,3,2,-4.106620484673004,1.2875805468767236,4.106620484673004,,False,"{""learning_rate"": 0.026844247528777843, ""max_depth"": 10, ""n_estimators"": 472}","{""learning_rate"": 0.055245405728306586, ""max_depth"": 5, ""n_estimators"": 314}",4
5,temperature_regression,XGBoostRegressor,4,1,-4.082372912041971,0.8908611377485282,4.082372912041971,,True,"{""learning_rate"": 0.026844247528777843, ""max_depth"": 10, ""n_estimators"": 472}","{""learning_rate"": 0.026844247528777843, ""max_depth"": 10, ""n_estimators"": 472}",4
5,rain_classification,LogisticRegression,1,2,0.5387367720699996,0.07793733926876298,,0.5387367720699996,False,"{""model__C"": 0.01}","{""model__C"": 0.1}",4
5,rain_classification,LogisticRegression,2,4,0.5265861103164122,0.07123103114248805,,0.5265861103164122,False,"{""model__C"": 0.01}","{""model__C"": 100.0}",4
5,rain_classification,LogisticRegression,3,3,0.5314669394420715,0.07665954232290724,,0.5314669394420715,False,"{""model__C"": 0.01}","{""model__C"": 1.0}",4
5,rain_classification,LogisticRegression,4,1,0.5619642735657547,0.0743245222053051,,0.5619642735657547,True,"{""model__C"": 0.01}","{""model__C"": 0.01}",4
5,rain_classification,SVM,1,2,0.5430869599320858,0.09046571075605714,,0.5430869599320858,False,"{""model__C"": 0.1, ""model__kernel"": ""linear""}","{""model__C"": 0.1, ""model__kernel"": ""rbf""}",4
5,rain_classification,SVM,2,3,0.4820297024225459,0.06075909532549295,,0.4820297024225459,False,"{""model__C"": 0.1, ""model__kernel"": ""linear""}","{""model__C"": 10.0, ""model__kernel"": ""rbf""}",4
5,rain_classification,SVM,3,1,0.5546271695479973,0.07343497522827808,,0.5546271695479973,True,"{""model__C"": 0.1, ""model__kernel"": ""linear""}","{""model__C"": 0.1, ""model__kernel"": ""linear""}",4
5,rain_classification,SVM,4,4,0.45183573353494505,0.07203818094337829,,0.45183573353494505,False,"{""model__C"": 0.1, ""model__kernel"": ""linear""}","{""model__C"": 100.0, ""model__kernel"": ""rbf""}",4
5,rain_classification,XGBoostClassifier,1,4,0.4641460754107201,0.04600433795189114,,0.4641460754107201,False,"{""learning_rate"": 0.22227824312530747, ""max_depth"": 7, ""n_estimators"": 120}","{""learning_rate"": 0.11861663446573512, ""max_depth"": 7, ""n_estimators"": 370}",4
5,rain_classification,XGBoostClassifier,2,1,0.48518797880073816,0.04775861759952033,,0.48518797880073816,True,"{""learning_rate"": 0.22227824312530747, ""max_depth"": 7, ""n_estimators"": 120}","{""learning_rate"": 0.22227824312530747, ""max_depth"": 7, ""n_estimators"": 120}",4
5,rain_classification,XGBoostClassifier,3,3,0.4753223948966573,0.042348611807549584,,0.4753223948966573,False,"{""learning_rate"": 0.22227824312530747, ""max_depth"": 7, ""n_estimators"": 120}","{""learning_rate"": 0.055245405728306586, ""max_depth"": 5, ""n_estimators"": 314}",4
5,rain_classification,XGBoostClassifier,4,2,0.4770897543311744,0.05989995471840342,,0.4770897543311744,False,"{""learning_rate"": 0.22227824312530747, ""max_depth"": 7, ""n_estimators"": 120}","{""learning_rate"": 0.026844247528777843, ""max_depth"": 10, ""n_estimators"": 472}",4
6,temperature_regression,LinearRegression,1,1,,,,,True,StandardScaler + LinearRegression,StandardScaler + LinearRegression,4
6,temperature_regression,KNNRegressor,1,4,-4.32762377501977,0.8903075364296276,4.32762377501977,,False,"{""model__n_neighbors"": 23, ""model__weights"": ""uniform""}","{""model__n_neighbors"": 9, ""model__weights"": ""distance""}",4
6,temperature_regression,KNNRegressor,2,2,-4.21856878262796,0.8467563021566035,4.21856878262796,,False,"{""model__n_neighbors"": 23, ""model__weights"": ""uniform""}","{""model__n_neighbors"": 17, ""model__weights"": ""uniform""}",4
6,temperature_regression,KNNRegressor,3,3,-4.306943304530366,0.8705311922879273,4.306943304530366,,False,"{""model__n_neighbors"": 23, ""model__weights"": ""uniform""}","{""model__n_neighbors"": 10, ""model__weights"": ""uniform""}",4
6,temperature_regression,KNNRegressor,4,1,-4.162464649144632,0.8443805478499468,4.162464649144632,,True,"{""model__n_neighbors"": 23, ""model__weights"": ""uniform""}","{""model__n_neighbors"": 23, ""model__weights"": ""uniform""}",4
6,temperature_regression,XGBoostRegressor,1,2,-4.165315274955146,1.2329151706170594,4.165315274955146,,False,"{""learning_rate"": 0.055245405728306586, ""max_depth"": 5, ""n_estimators"": 314}","{""learning_rate"": 0.11861663446573512, ""max_depth"": 7, ""n_estimators"": 370}",4
6,temperature_regression,XGBoostRegressor,2,3,-4.201264267837958,1.143553543494106,4.201264267837958,,False,"{""learning_rate"": 0.055245405728306586, ""max_depth"": 5, ""n_estimators"": 314}","{""learning_rate"": 0.22227824312530747, ""max_depth"": 7, ""n_estimators"": 120}",4
6,temperature_regression,XGBoostRegressor,3,1,-4.102674093785778,1.2180639274803615,4.102674093785778,,True,"{""learning_rate"": 0.055245405728306586, ""max_depth"": 5, ""n_estimators"": 314}","{""learning_rate"": 0.055245405728306586, ""max_depth"": 5, ""n_estimators"": 314}",4
6,temperature_regression,XGBoostRegressor,4,4,-4.224851876326239,1.2083980152314755,4.224851876326239,,False,"{""learning_rate"": 0.055245405728306586, ""max_depth"": 5, ""n_estimators"": 314}","{""learning_rate"": 0.026844247528777843, ""max_depth"": 10, ""n_estimators"": 472}",4
6,rain_classification,LogisticRegression,1,2,0.5370444750986708,0.08259057727012752,,0.5370444750986708,False,"{""model__C"": 0.01}","{""model__C"": 0.1}",4
6,rain_classification,LogisticRegression,2,4,0.5311747590159946,0.06485299304784252,,0.5311747590159946,False,"{""model__C"": 0.01}","{""model__C"": 100.0}",4
6,rain_classification,LogisticRegression,3,3,0.5356345041661197,0.0707926005536262,,0.5356345041661197,False,"{""model__C"": 0.01}","{""model__C"": 1.0}",4
6,rain_classification,LogisticRegression,4,1,0.5481621486083637,0.08252812271373312,,0.5481621486083637,True,"{""model__C"": 0.01}","{""model__C"": 0.01}",4
6,rain_classification,SVM,1,2,0.5405939259211885,0.08120449885130174,,0.5405939259211885,False,"{""model__C"": 0.1, ""model__kernel"": ""linear""}","{""model__C"": 0.1, ""model__kernel"": ""rbf""}",4
6,rain_classification,SVM,2,3,0.5099844646122735,0.05422739067958764,,0.5099844646122735,False,"{""model__C"": 0.1, ""model__kernel"": ""linear""}","{""model__C"": 10.0, ""model__kernel"": ""rbf""}",4
6,rain_classification,SVM,3,1,0.5495586672159339,0.07182729691179174,,0.5495586672159339,True,"{""model__C"": 0.1, ""model__kernel"": ""linear""}","{""model__C"": 0.1, ""model__kernel"": ""linear""}",4
6,rain_classification,SVM,4,4,0.4858952251557154,0.03878680173285313,,0.4858952251557154,False,"{""model__C"": 0.1, ""model__kernel"": ""linear""}","{""model__C"": 100.0, ""model__kernel"": ""rbf""}",4
6,rain_classification,XGBoostClassifier,1,2,0.46243882209869425,0.047080937486839114,,0.46243882209869425,False,"{""learning_rate"": 0.026844247528777843, ""max_depth"": 10, ""n_estimators"": 472}","{""learning_rate"": 0.11861663446573512, ""max_depth"": 7, ""n_estimators"": 370}",4
6,rain_classification,XGBoostClassifier,2,4,0.44937301796761486,0.0533986064329918,,0.44937301796761486,False,"{""learning_rate"": 0.026844247528777843, ""max_depth"": 10, ""n_estimators"": 472}","{""learning_rate"": 0.22227824312530747, ""max_depth"": 7, ""n_estimators"": 120}",4
6,rain_classification,XGBoostClassifier,3,3,0.4541660424575499,0.052515913427830706,,0.4541660424575499,False,"{""learning_rate"": 0.026844247528777843, ""max_depth"": 10, ""n_estimators"": 472}","{""learning_rate"": 0.055245405728306586, ""max_depth"": 5, ""n_estimators"": 314}",4
6,rain_classification,XGBoostClassifier,4,1,0.46935320613908316,0.0579110274937018,,0.46935320613908316,True,"{""learning_rate"": 0.026844247528777843, ""max_depth"": 10, ""n_estimators"": 472}","{""learning_rate"": 0.026844247528777843, ""max_depth"": 10, ""n_estimators"": 472}",4
7,temperature_regression,LinearRegression,1,1,,,,,True,StandardScaler + LinearRegression,StandardScaler + LinearRegression,4
7,temperature_regression,KNNRegressor,1,4,-4.289148278868245,0.830416956550942,4.289148278868245,,False,"{""model__n_neighbors"": 23, ""model__weights"": ""uniform""}","{""model__n_neighbors"": 9, ""model__weights"": ""distance""}",4
7,temperature_regression,KNNRegressor,2,2,-4.157329367656947,0.8098918721613828,4.157329367656947,,False,"{""model__n_neighbors"": 23, ""model__weights"": ""uniform""}","{""model__n_neighbors"": 17, ""model__weights"": ""uniform""}",4
7,temperature_regression,KNNRegressor,3,3,-4.270323764888475,0.8099989614279286,4.270323764888475,,False,"{""model__n_neighbors"": 23, ""model__weights"": ""uniform""}","{""model__n_neighbors"": 10, ""model__weights"": ""uniform""}",4
7,temperature_regression,KNNRegressor,4,1,-4.1214611076787175,0.8257988105769558,4.1214611076787175,,True,"{""model__n_neighbors"": 23, ""model__weights"": ""uniform""}","{""model__n_neighbors"": 23, ""model__weights"": ""uniform""}",4
7,temperature_regression,XGBoostRegressor,1,3,-4.05325005205164,1.0246754891056038,4.05325005205164,,False,"{""learning_rate"": 0.055245405728306586, ""max_depth"": 5, ""n_estimators"": 314}","{""learning_rate"": 0.11861663446573512, ""max_depth"": 7, ""n_estimators"": 370}",4
7,temperature_regression,XGBoostRegressor,2,4,-4.090877499775119,1.0379636388140414,4.090877499775119,,False,"{""learning_rate"": 0.055245405728306586, ""max_depth"": 5, ""n_estimators"": 314}","{""learning_rate"": 0.22227824312530747, ""max_depth"": 7, ""n_estimators"": 120}",4
7,temperature_regression,XGBoostRegressor,3,1,-4.014928323835867,0.9899759923862861,4.014928323835867,,True,"{""learning_rate"": 0.055245405728306586, ""max_depth"": 5, ""n_estimators"": 314}","{""learning_rate"": 0.055245405728306586, ""max_depth"": 5, ""n_estimators"": 314}",4
7,temperature_regression,XGBoostRegressor,4,2,-4.034756114924018,0.9684873129645918,4.034756114924018,,False,"{""learning_rate"": 0.055245405728306586, ""max_depth"": 5, ""n_estimators"": 314}","{""learning_rate"": 0.026844247528777843, ""max_depth"": 10, ""n_estimators"": 472}",4
7,rain_classification,LogisticRegression,1,2,0.5173067440896456,0.10372009409518439,,0.5173067440896456,False,"{""model__C"": 0.01}","{""model__C"": 0.1}",4
7,rain_classification,LogisticRegression,2,4,0.4943726818223813,0.10072281101018297,,0.4943726818223813,False,"{""model__C"": 0.01}","{""model__C"": 100.0}",4
7,rain_classification,LogisticRegression,3,3,0.5044620073811861,0.09719805334235258,,0.5044620073811861,False,"{""model__C"": 0.01}","{""model__C"": 1.0}",4
7,rain_classification,LogisticRegression,4,1,0.5355544683214263,0.09381242997563148,,0.5355544683214263,True,"{""model__C"": 0.01}","{""model__C"": 0.01}",4
7,rain_classification,SVM,1,3,0.45876592693412566,0.1961170850702957,,0.45876592693412566,False,"{""model__C"": 0.1, ""model__kernel"": ""linear""}","{""model__C"": 0.1, ""model__kernel"": ""rbf""}",4
7,rain_classification,SVM,2,2,0.47526018875368814,0.07815678048974829,,0.47526018875368814,False,"{""model__C"": 0.1, ""model__kernel"": ""linear""}","{""model__C"": 10.0, ""model__kernel"": ""rbf""}",4
7,rain_classification,SVM,3,1,0.548524742518203,0.07377419958633785,,0.548524742518203,True,"{""model__C"": 0.1, ""model__kernel"": ""linear""}","{""model__C"": 0.1, ""model__kernel"": ""linear""}",4
7,rain_classification,SVM,4,4,0.4554656745904551,0.05140112927271738,,0.4554656745904551,False,"{""model__C"": 0.1, ""model__kernel"": ""linear""}","{""model__C"": 100.0, ""model__kernel"": ""rbf""}",4
7,rain_classification,XGBoostClassifier,1,3,0.4437341900530404,0.08447463105030774,,0.4437341900530404,False,"{""learning_rate"": 0.026844247528777843, ""max_depth"": 10, ""n_estimators"": 472}","{""learning_rate"": 0.11861663446573512, ""max_depth"": 7, ""n_estimators"": 370}",4
7,rain_classification,XGBoostClassifier,2,4,0.42912513962115434,0.0851775771490961,,0.42912513962115434,False,"{""learning_rate"": 0.026844247528777843, ""max_depth"": 10, ""n_estimators"": 472}","{""learning_rate"": 0.22227824312530747, ""max_depth"": 7, ""n_estimators"": 120}",4
7,rain_classification,XGBoostClassifier,3,2,0.4557216345257625,0.0952167056377859,,0.4557216345257625,False,"{""learning_rate"": 0.026844247528777843, ""max_depth"": 10, ""n_estimators"": 472}","{""learning_rate"": 0.055245405728306586, ""max_depth"": 5, ""n_estimators"": 314}",4
7,rain_classification,XGBoostClassifier,4,1,0.4559736609486914,0.08690939728918964,,0.4559736609486914,True,"{""learning_rate"": 0.026844247528777843, ""max_depth"": 10, ""n_estimators"": 472}","{""learning_rate"": 0.026844247528777843, ""max_depth"": 10, ""n_estimators"": 472}",4
